STATION,NAME,DATE,DAPR,DAPR_ATTRIBUTES,MDPR,MDPR_ATTRIBUTES,PRCP,PRCP_ATTRIBUTES,SNOW,SNOW_ATTRIBUTES,SNWD,SNWD_ATTRIBUTES,TMAX,TMAX_ATTRIBUTES,TMIN,TMIN_ATTRIBUTES,TOBS,TOBS_ATTRIBUTES,WT01,WT01_ATTRIBUTES,WT03,WT03_ATTRIBUTES,WT04,WT04_ATTRIBUTES,WT06,WT06_ATTRIBUTES,WT11,WT11_ATTRIBUTES
SYNTH0001,SYNTHETIC STATION,2023-04-01,,,,,0.6,,0.0,,0.0,,685.0,,549.0,,,,,,,,,,,,,
SYNTH0001,SYNTHETIC STATION,2023-04-02,,,,,0.0,,0.0,,0.0,,667.0,,544.0,,,,,,,,,,,,,
SYNTH0001,SYNTHETIC STATION,2023-04-03,,,,,0.0,,0.0,,0.0,,676.0,,564.0,,,,,,,,,,,,,
SYNTH0001,SYNTHETIC STATION,2023-04-04,,,,,0.0,,0.0,,0.0,,644.0,,586.0,,,,,,,,,,,,,
SYNTH0001,SYNTHETIC STATION,2023-04-05,,,,,0.0,,0.0,,0.0,,721.0,,577.0,,,,,,,,,,,,,
SYNTH0001,SYNTHETIC STATION,2023-04-06,,,,,0.0,,0.0,,0.0,,718.0,,596.0,,,,,,,,,,,,,
SYNTH0001,SYNTHETIC STATION,2023-04-07,,,,,1.2,,0.0,,0.0,,687.0,,568.0,,,,,,,,,,,,,
SYNTH0001,SYNTHETIC STATION,2023-04-08,,,,,0.0,,0.0,,0.0,,694.0,,533.0,,,,,,,,,,,,,
SYNTH0001,SYNTHETIC STATION,2023-04-09,,,,,0.0,,0.0,,0.0,,616.0,,591.0,,,,,,,,,,,,,
SYNTH0001,SYNTHETIC STATION,2023-04-10,,,,,0.0,,0.0,,0.0,,699.0,,599.0,,,,,,,,,,,,,
SYNTH0001,SYNTHETIC STATION,2023-04-11,,,,,0.0,,0.0,,0.0,,678.0,,569.0,,,,,,,,,,,,,
SYNTH0001,SYNTHETIC STATION,2023-04-12,,,,,2.8,,0.0,,0.0,,700.0,,576.0,,,,,,,,,,,,,
SYNTH0001,SYNTHETIC STATION,2023-04-13,,,,,0.0,,0.0,,0.0,,711.0,,587.0,,,,,,,,,,,,,
SYNTH0001,SYNTHETIC STATION,2023-04-14,,,,,0.0,,0.0,,0.0,,683.0,,621.0,,,,,,,,,,,,,
SYNTH0001,SYNTHETIC STATION,2023-04-15,,,,,0.0,,0.0,,0.0,,646.0,,598.0,,,,,,,,,,,,,
SYNTH0001,SYNTHETIC STATION,2023-04-16,,,,,0.0,,0.0,,0.0,,711.0,,579.0,,,,,,,,,,,,,
SYNTH0001,SYNTHETIC STATION,2023-04-17,,,,,0.0,,0.0,,0.0,,681.0,,644.0,,,,,,,,,,,,,
SYNTH0001,SYNTHETIC STATION,2023-04-18,,,,,0.0,,0.0,,0.0,,697.0,,621.0,,,,,,,,,,,,,
SYNTH0001,SYNTHETIC STATION,2023-04-19,,,,,0.0,,0.0,,0.0,,692.0,,667.0,,,,,,,,,,,,,
SYNTH0001,SYNTHETIC STATION,2023-04-20,,,,,0.0,,0.0,,0.0,,703.0,,652.0,,,,,,,,,,,,,
SYNTH0001,SYNTHETIC STATION,2023-04-21,,,,,0.0,,0.0,,0.0,,647.0,,672.0,,,,,,,,,,,,,
SYNTH0001,SYNTHETIC STATION,2023-04-22,,,,,3.4,,0.0,,0.0,,756.0,,627.0,,,,,,,,,,,,,
SYNTH0001,SYNTHETIC STATION,2023-04-23,,,,,1.2,,0.0,,0.0,,731.0,,661.0,,,,,,,,,,,,,
SYNTH0001,SYNTHETIC STATION,2023-04-24,,,,,0.0,,0.0,,0.0,,760.0,,618.0,,,,,,,,,,,,,
SYNTH0001,SYNTHETIC STATION,2023-04-25,,,,,0.0,,0.0,,0.0,,789.0,,625.0,,,,,,,,,,,,,
SYNTH0001,SYNTHETIC STATION,2023-04-26,,,,,0.0,,0.0,,0.0,,733.0,,638.0,,,,,,,,,,,,,
SYNTH0001,SYNTHETIC STATION,2023-04-27,,,,,0.0,,0.0,,0.0,,682.0,,711.0,,,,,,,,,,,,,
SYNTH0001,SYNTHETIC STATION,2023-04-28,,,,,0.0,,0.0,,0.0,,712.0,,655.0,,,,,,,,,,,,,
SYNTH0001,SYNTHETIC STATION,2023-04-29,,,,,0.0,,0.0,,0.0,,706.0,,643.0,,,,,,,,,,,,,
SYNTH0001,SYNTHETIC STATION,2023-04-30,,,,,0.0,,0.0,,0.0,,730.0,,642.0,,,,,,,,,,,,,
SYNTH0001,SYNTHETIC STATION,2023-05-01,,,,,0.0,,0.0,,0.0,,750.0,,694.0,,,,,,,,,,,,,
SYNTH0001,SYNTHETIC STATION,2023-05-02,,,,,0.6,,0.0,,0.0,,691.0,,665.0,,,,,,,,,,,,,
SYNTH0001,SYNTHETIC STATION,2023-05-03,,,,,0.0,,0.0,,0.0,,764.0,,683.0,,,,,,,,,,,,,
SYNTH0001,SYNTHETIC STATION,2023-05-04,,,,,0.0,,0.0,,0.0,,712.0,,681.0,,,,,,,,,,,,,
SYNTH0001,SYNTHETIC STATION,2023-05-05,,,,,0.0,,0.0,,0.0,,769.0,,628.0,,,,,,,,,,,,,
SYNTH0001,SYNTHETIC STATION,2023-05-06,,,,,0.0,,0.0,,0.0,,759.0,,687.0,,,,,,,,,,,,,
SYNTH0001,SYNTHETIC STATION,2023-05-07,,,,,0.0,,0.0,,0.0,,756.0,,666.0,,,,,,,,,,,,,
SYNTH0001,SYNTHETIC STATION,2023-05-08,,,,,0.0,,0.0,,0.0,,766.0,,642.0,,,,,,,,,,,,,
SYNTH0001,SYNTHETIC STATION,2023-05-09,,,,,0.1,,0.0,,0.0,,755.0,,689.0,,,,,,,,,,,,,
SYNTH0001,SYNTHETIC STATION,2023-05-10,,,,,0.0,,0.0,,0.0,,755.0,,677.0,,,,,,,,,,,,,
SYNTH0001,SYNTHETIC STATION,2023-05-11,,,,,0.2,,0.0,,0.0,,726.0,,673.0,,,,,,,,,,,,,
SYNTH0001,SYNTHETIC STATION,2023-05-12,,,,,0.0,,0.0,,0.0,,778.0,,677.0,,,,,,,,,,,,,
SYNTH0001,SYNTHETIC STATION,2023-05-13,,,,,0.3,,0.0,,0.0,,837.0,,718.0,,,,,,,,,,,,,
SYNTH0001,SYNTHETIC STATION,2023-05-14,,,,,0.0,,0.0,,0.0,,844.0,,682.0,,,,,,,,,,,,,
SYNTH0001,SYNTHETIC STATION,2023-05-15,,,,,0.0,,0.0,,0.0,,826.0,,646.0,,,,,,,,,,,,,
SYNTH0001,SYNTHETIC STATION,2023-05-16,,,,,0.0,,0.0,,0.0,,810.0,,736.0,,,,,,,,,,,,,
SYNTH0001,SYNTHETIC STATION,2023-05-17,,,,,0.0,,0.0,,0.0,,771.0,,666.0,,,,,,,,,,,,,
SYNTH0001,SYNTHETIC STATION,2023-05-18,,,,,0.0,,0.0,,0.0,,837.0,,691.0,,,,,,,,,,,,,
SYNTH0001,SYNTHETIC STATION,2023-05-19,,,,,0.0,,0.0,,0.0,,795.0,,716.0,,,,,,,,,,,,,
SYNTH0001,SYNTHETIC STATION,2023-05-20,,,,,0.0,,0.0,,0.0,,797.0,,639.0,,,,,,,,,,,,,
SYNTH0001,SYNTHETIC STATION,2023-05-21,,,,,0.0,,0.0,,0.0,,792.0,,678.0,,,,,,,,,,,,,
SYNTH0001,SYNTHETIC STATION,2023-05-22,,,,,0.0,,0.0,,0.0,,806.0,,739.0,,,,,,,,,,,,,
SYNTH0001,SYNTHETIC STATION,2023-05-23,,,,,1.3,,0.0,,0.0,,792.0,,703.0,,,,,,,,,,,,,
SYNTH0001,SYNTHETIC STATION,2023-05-24,,,,,0.0,,0.0,,0.0,,805.0,,690.0,,,,,,,,,,,,,
SYNTH0001,SYNTHETIC STATION,2023-05-25,,,,,0.0,,0.0,,0.0,,777.0,,715.0,,,,,,,,,,,,,
SYNTH0001,SYNTHETIC STATION,2023-05-26,,,,,0.0,,0.0,,0.0,,801.0,,691.0,,,,,,,,,,,,,
SYNTH0001,SYNTHETIC STATION,2023-05-27,,,,,0.0,,0.0,,0.0,,882.0,,716.0,,,,,,,,,,,,,
SYNTH0001,SYNTHETIC STATION,2023-05-28,,,,,0.0,,0.0,,0.0,,814.0,,696.0,,,,,,,,,,,,,
SYNTH0001,SYNTHETIC STATION,2023-05-29,,,,,0.0,,0.0,,0.0,,810.0,,675.0,,,,,,,,,,,,,
SYNTH0001,SYNTHETIC STATION,2023-05-30,,,,,0.6,,0.0,,0.0,,835.0,,740.0,,,,,,,,,,,,,
SYNTH0001,SYNTHETIC STATION,2023-05-31,,,,,0.0,,0.0,,0.0,,843.0,,715.0,,,,,,,,,,,,,
SYNTH0001,SYNTHETIC STATION,2023-06-01,,,,,0.0,,0.0,,0.0,,790.0,,737.0,,,,,,,,,,,,,
SYNTH0001,SYNTHETIC STATION,2023-06-02,,,,,0.0,,0.0,,0.0,,819.0,,721.0,,,,,,,,,,,,,
SYNTH0001,SYNTHETIC STATION,2023-06-03,,,,,0.0,,0.0,,0.0,,854.0,,762.0,,,,,,,,,,,,,
SYNTH0001,SYNTHETIC STATION,2023-06-04,,,,,0.0,,0.0,,0.0,,836.0,,745.0,,,,,,,,,,,,,
SYNTH0001,SYNTHETIC STATION,2023-06-05,,,,,0.0,,0.0,,0.0,,833.0,,735.0,,,,,,,,,,,,,
SYNTH0001,SYNTHETIC STATION,2023-06-06,,,,,0.0,,0.0,,0.0,,878.0,,704.0,,,,,,,,,,,,,
SYNTH0001,SYNTHETIC STATION,2023-06-07,,,,,0.0,,0.0,,0.0,,812.0,,698.0,,,,,,,,,,,,,
SYNTH0001,SYNTHETIC STATION,2023-06-08,,,,,0.0,,0.0,,0.0,,836.0,,774.0,,,,,,,,,,,,,
SYNTH0001,SYNTHETIC STATION,2023-06-09,,,,,1.7,,0.0,,0.0,,820.0,,759.0,,,,,,,,,,,,,
SYNTH0001,SYNTHETIC STATION,2023-06-10,,,,,0.0,,0.0,,0.0,,881.0,,717.0,,,,,,,,,,,,,
SYNTH0001,SYNTHETIC STATION,2023-06-11,,,,,0.0,,0.0,,0.0,,779.0,,797.0,,,,,,,,,,,,,
SYNTH0001,SYNTHETIC STATION,2023-06-12,,,,,0.0,,0.0,,0.0,,819.0,,753.0,,,,,,,,,,,,,
SYNTH0001,SYNTHETIC STATION,2023-06-13,,,,,0.0,,0.0,,0.0,,824.0,,743.0,,,,,,,,,,,,,
SYNTH0001,SYNTHETIC STATION,2023-06-14,,,,,0.0,,0.0,,0.0,,861.0,,703.0,,,,,,,,,,,,,
SYNTH0001,SYNTHETIC STATION,2023-06-15,,,,,0.0,,0.0,,0.0,,860.0,,721.0,,,,,,,,,,,,,
SYNTH0001,SYNTHETIC STATION,2023-06-16,,,,,0.0,,0.0,,0.0,,885.0,,753.0,,,,,,,,,,,,,
SYNTH0001,SYNTHETIC STATION,2023-06-17,,,,,0.0,,0.0,,0.0,,797.0,,755.0,,,,,,,,,,,,,
SYNTH0001,SYNTHETIC STATION,2023-06-18,,,,,0.0,,0.0,,0.0,,867.0,,752.0,,,,,,,,,,,,,
SYNTH0001,SYNTHETIC STATION,2023-06-19,,,,,0.0,,0.0,,0.0,,837.0,,700.0,,,,,,,,,,,,,
SYNTH0001,SYNTHETIC STATION,2023-06-20,,,,,0.0,,0.0,,0.0,,826.0,,759.0,,,,,,,,,,,,,
SYNTH0001,SYNTHETIC STATION,2023-06-21,,,,,0.0,,0.0,,0.0,,863.0,,756.0,,,,,,,,,,,,,
SYNTH0001,SYNTHETIC STATION,2023-06-22,,,,,0.0,,0.0,,0.0,,820.0,,737.0,,,,,,,,,,,,,
SYNTH0001,SYNTHETIC STATION,2023-06-23,,,,,0.0,,0.0,,0.0,,786.0,,751.0,,,,,,,,,,,,,
SYNTH0001,SYNTHETIC STATION,2023-06-24,,,,,0.4,,0.0,,0.0,,837.0,,754.0,,,,,,,,,,,,,
SYNTH0001,SYNTHETIC STATION,2023-06-25,,,,,0.0,,0.0,,0.0,,804.0,,782.0,,,,,,,,,,,,,
SYNTH0001,SYNTHETIC STATION,2023-06-26,,,,,0.0,,0.0,,0.0,,830.0,,749.0,,,,,,,,,,,,,
SYNTH0001,SYNTHETIC STATION,2023-06-27,,,,,0.0,,0.0,,0.0,,861.0,,763.0,,,,,,,,,,,,,
SYNTH0001,SYNTHETIC STATION,2023-06-28,,,,,0.7,,0.0,,0.0,,859.0,,715.0,,,,,,,,,,,,,
SYNTH0001,SYNTHETIC STATION,2023-06-29,,,,,0.0,,0.0,,0.0,,897.0,,730.0,,,,,,,,,,,,,
SYNTH0001,SYNTHETIC STATION,2023-06-30,,,,,0.0,,0.0,,0.0,,844.0,,751.0,,,,,,,,,,,,,
SYNTH0001,SYNTHETIC STATION,2023-07-01,,,,,0.0,,0.0,,0.0,,804.0,,730.0,,,,,,,,,,,,,
SYNTH0001,SYNTHETIC STATION,2023-07-02,,,,,0.0,,0.0,,0.0,,827.0,,760.0,,,,,,,,,,,,,
SYNTH0001,SYNTHETIC STATION,2023-07-03,,,,,0.0,,0.0,,0.0,,822.0,,718.0,,,,,,,,,,,,,
SYNTH0001,SYNTHETIC STATION,2023-07-04,,,,,0.0,,0.0,,0.0,,813.0,,750.0,,,,,,,,,,,,,
SYNTH0001,SYNTHETIC STATION,2023-07-05,,,,,0.0,,0.0,,0.0,,863.0,,732.0,,,,,,,,,,,,,
SYNTH0001,SYNTHETIC STATION,2023-07-06,,,,,0.0,,0.0,,0.0,,830.0,,788.0,,,,,,,,,,,,,
SYNTH0001,SYNTHETIC STATION,2023-07-07,,,,,0.0,,0.0,,0.0,,790.0,,739.0,,,,,,,,,,,,,
SYNTH0001,SYNTHETIC STATION,2023-07-08,,,,,0.0,,0.0,,0.0,,870.0,,799.0,,,,,,,,,,,,,
SYNTH0001,SYNTHETIC STATION,2023-07-09,,,,,0.0,,0.0,,0.0,,845.0,,809.0,,,,,,,,,,,,,
SYNTH0001,SYNTHETIC STATION,2023-07-10,,,,,0.0,,0.0,,0.0,,859.0,,757.0,,,,,,,,,,,,,
SYNTH0001,SYNTHETIC STATION,2023-07-11,,,,,0.0,,0.0,,0.0,,851.0,,774.0,,,,,,,,,,,,,
SYNTH0001,SYNTHETIC STATION,2023-07-12,,,,,0.0,,0.0,,0.0,,866.0,,742.0,,,,,,,,,,,,,
SYNTH0001,SYNTHETIC STATION,2023-07-13,,,,,0.0,,0.0,,0.0,,847.0,,679.0,,,,,,,,,,,,,
SYNTH0001,SYNTHETIC STATION,2023-07-14,,,,,0.0,,0.0,,0.0,,882.0,,770.0,,,,,,,,,,,,,
SYNTH0001,SYNTHETIC STATION,2023-07-15,,,,,0.0,,0.0,,0.0,,857.0,,763.0,,,,,,,,,,,,,
SYNTH0001,SYNTHETIC STATION,2023-07-16,,,,,0.0,,0.0,,0.0,,856.0,,738.0,,,,,,,,,,,,,
SYNTH0001,SYNTHETIC STATION,2023-07-17,,,,,0.7,,0.0,,0.0,,855.0,,728.0,,,,,,,,,,,,,
SYNTH0001,SYNTHETIC STATION,2023-07-18,,,,,0.0,,0.0,,0.0,,798.0,,747.0,,,,,,,,,,,,,
SYNTH0001,SYNTHETIC STATION,2023-07-19,,,,,0.0,,0.0,,0.0,,836.0,,747.0,,,,,,,,,,,,,
SYNTH0001,SYNTHETIC STATION,2023-07-20,,,,,0.0,,0.0,,0.0,,832.0,,719.0,,,,,,,,,,,,,
SYNTH0001,SYNTHETIC STATION,2023-07-21,,,,,0.0,,0.0,,0.0,,845.0,,723.0,,,,,,,,,,,,,
SYNTH0001,SYNTHETIC STATION,2023-07-22,,,,,0.0,,0.0,,0.0,,797.0,,769.0,,,,,,,,,,,,,
SYNTH0001,SYNTHETIC STATION,2023-07-23,,,,,0.0,,0.0,,0.0,,885.0,,739.0,,,,,,,,,,,,,
SYNTH0001,SYNTHETIC STATION,2023-07-24,,,,,0.0,,0.0,,0.0,,838.0,,734.0,,,,,,,,,,,,,
SYNTH0001,SYNTHETIC STATION,2023-07-25,,,,,0.0,,0.0,,0.0,,798.0,,765.0,,,,,,,,,,,,,
SYNTH0001,SYNTHETIC STATION,2023-07-26,,,,,0.4,,0.0,,0.0,,781.0,,725.0,,,,,,,,,,,,,
SYNTH0001,SYNTHETIC STATION,2023-07-27,,,,,0.0,,0.0,,0.0,,823.0,,757.0,,,,,,,,,,,,,
SYNTH0001,SYNTHETIC STATION,2023-07-28,,,,,0.0,,0.0,,0.0,,827.0,,700.0,,,,,,,,,,,,,
SYNTH0001,SYNTHETIC STATION,2023-07-29,,,,,0.0,,0.0,,0.0,,806.0,,722.0,,,,,,,,,,,,,
SYNTH0001,SYNTHETIC STATION,2023-07-30,,,,,0.0,,0.0,,0.0,,829.0,,724.0,,,,,,,,,,,,,
SYNTH0001,SYNTHETIC STATION,2023-07-31,,,,,0.0,,0.0,,0.0,,806.0,,742.0,,,,,,,,,,,,,
SYNTH0001,SYNTHETIC STATION,2023-08-01,,,,,0.0,,0.0,,0.0,,840.0,,727.0,,,,,,,,,,,,,
SYNTH0001,SYNTHETIC STATION,2023-08-02,,,,,0.0,,0.0,,0.0,,800.0,,781.0,,,,,,,,,,,,,
SYNTH0001,SYNTHETIC STATION,2023-08-03,,,,,0.0,,0.0,,0.0,,818.0,,753.0,,,,,,,,,,,,,
SYNTH0001,SYNTHETIC STATION,2023-08-04,,,,,0.0,,0.0,,0.0,,847.0,,707.0,,,,,,,,,,,,,
SYNTH0001,SYNTHETIC STATION,2023-08-05,,,,,0.0,,0.0,,0.0,,893.0,,780.0,,,,,,,,,,,,,
SYNTH0001,SYNTHETIC STATION,2023-08-06,,,,,0.0,,0.0,,0.0,,784.0,,688.0,,,,,,,,,,,,,
SYNTH0001,SYNTHETIC STATION,2023-08-07,,,,,0.0,,0.0,,0.0,,798.0,,764.0,,,,,,,,,,,,,
SYNTH0001,SYNTHETIC STATION,2023-08-08,,,,,0.0,,0.0,,0.0,,785.0,,687.0,,,,,,,,,,,,,
SYNTH0001,SYNTHETIC STATION,2023-08-09,,,,,0.0,,0.0,,0.0,,831.0,,733.0,,,,,,,,,,,,,
SYNTH0001,SYNTHETIC STATION,2023-08-10,,,,,0.0,,0.0,,0.0,,771.0,,682.0,,,,,,,,,,,,,
SYNTH0001,SYNTHETIC STATION,2023-08-11,,,,,0.0,,0.0,,0.0,,789.0,,699.0,,,,,,,,,,,,,
SYNTH0001,SYNTHETIC STATION,2023-08-12,,,,,0.0,,0.0,,0.0,,800.0,,747.0,,,,,,,,,,,,,
SYNTH0001,SYNTHETIC STATION,2023-08-13,,,,,0.0,,0.0,,0.0,,769.0,,661.0,,,,,,,,,,,,,
SYNTH0001,SYNTHETIC STATION,2023-08-14,,,,,0.0,,0.0,,0.0,,768.0,,653.0,,,,,,,,,,,,,
SYNTH0001,SYNTHETIC STATION,2023-08-15,,,,,0.0,,0.0,,0.0,,780.0,,696.0,,,,,,,,,,,,,
SYNTH0001,SYNTHETIC STATION,2023-08-16,,,,,0.0,,0.0,,0.0,,729.0,,700.0,,,,,,,,,,,,,
SYNTH0001,SYNTHETIC STATION,2023-08-17,,,,,0.0,,0.0,,0.0,,746.0,,694.0,,,,,,,,,,,,,
SYNTH0001,SYNTHETIC STATION,2023-08-18,,,,,0.0,,0.0,,0.0,,774.0,,716.0,,,,,,,,,,,,,
SYNTH0001,SYNTHETIC STATION,2023-08-19,,,,,0.0,,0.0,,0.0,,789.0,,651.0,,,,,,,,,,,,,
SYNTH0001,SYNTHETIC STATION,2023-08-20,,,,,0.0,,0.0,,0.0,,776.0,,698.0,,,,,,,,,,,,,
SYNTH0001,SYNTHETIC STATION,2023-08-21,,,,,0.0,,0.0,,0.0,,726.0,,681.0,,,,,,,,,,,,,
SYNTH0001,SYNTHETIC STATION,2023-08-22,,,,,0.0,,0.0,,0.0,,763.0,,700.0,,,,,,,,,,,,,
SYNTH0001,SYNTHETIC STATION,2023-08-23,,,,,2.4,,0.0,,0.0,,798.0,,693.0,,,,,,,,,,,,,
SYNTH0001,SYNTHETIC STATION,2023-08-24,,,,,0.0,,0.0,,0.0,,788.0,,709.0,,,,,,,,,,,,,
SYNTH0001,SYNTHETIC STATION,2023-08-25,,,,,0.0,,0.0,,0.0,,766.0,,631.0,,,,,,,,,,,,,
SYNTH0001,SYNTHETIC STATION,2023-08-26,,,,,0.0,,0.0,,0.0,,739.0,,670.0,,,,,,,,,,,,,
SYNTH0001,SYNTHETIC STATION,2023-08-27,,,,,0.0,,0.0,,0.0,,782.0,,634.0,,,,,,,,,,,,,
SYNTH0001,SYNTHETIC STATION,2023-08-28,,,,,0.0,,0.0,,0.0,,742.0,,659.0,,,,,,,,,,,,,
SYNTH0001,SYNTHETIC STATION,2023-08-29,,,,,0.0,,0.0,,0.0,,722.0,,678.0,,,,,,,,,,,,,
SYNTH0001,SYNTHETIC STATION,2023-08-30,,,,,0.0,,0.0,,0.0,,730.0,,664.0,,,,,,,,,,,,,
SYNTH0001,SYNTHETIC STATION,2023-08-31,,,,,0.0,,0.0,,0.0,,794.0,,668.0,,,,,,,,,,,,,
SYNTH0001,SYNTHETIC STATION,2023-09-01,,,,,0.0,,0.0,,0.0,,755.0,,648.0,,,,,,,,,,,,,
SYNTH0001,SYNTHETIC STATION,2023-09-02,,,,,0.0,,0.0,,0.0,,780.0,,656.0,,,,,,,,,,,,,
SYNTH0001,SYNTHETIC STATION,2023-09-03,,,,,1.1,,0.0,,0.0,,728.0,,651.0,,,,,,,,,,,,,
SYNTH0001,SYNTHETIC STATION,2023-09-04,,,,,0.0,,0.0,,0.0,,767.0,,680.0,,,,,,,,,,,,,
SYNTH0001,SYNTHETIC STATION,2023-09-05,,,,,0.0,,0.0,,0.0,,718.0,,660.0,,,,,,,,,,,,,
SYNTH0001,SYNTHETIC STATION,2023-09-06,,,,,0.0,,0.0,,0.0,,728.0,,583.0,,,,,,,,,,,,,
SYNTH0001,SYNTHETIC STATION,2023-09-07,,,,,0.0,,0.0,,0.0,,804.0,,650.0,,,,,,,,,,,,,
SYNTH0001,SYNTHETIC STATION,2023-09-08,,,,,1.9,,0.0,,0.0,,749.0,,658.0,,,,,,,,,,,,,
SYNTH0001,SYNTHETIC STATION,2023-09-09,,,,,0.0,,0.0,,0.0,,708.0,,613.0,,,,,,,,,,,,,
SYNTH0001,SYNTHETIC STATION,2023-09-10,,,,,0.0,,0.0,,0.0,,717.0,,578.0,,,,,,,,,,,,,
SYNTH0001,SYNTHETIC STATION,2023-09-11,,,,,0.0,,0.0,,0.0,,726.0,,660.0,,,,,,,,,,,,,
SYNTH0001,SYNTHETIC STATION,2023-09-12,,,,,0.0,,0.0,,0.0,,750.0,,620.0,,,,,,,,,,,,,
SYNTH0001,SYNTHETIC STATION,2023-09-13,,,,,2.8,,0.0,,0.0,,695.0,,629.0,,,,,,,,,,,,,
SYNTH0001,SYNTHETIC STATION,2023-09-14,,,,,0.0,,0.0,,0.0,,655.0,,660.0,,,,,,,,,,,,,
SYNTH0001,SYNTHETIC STATION,2023-09-15,,,,,0.5,,0.0,,0.0,,695.0,,582.0,,,,,,,,,,,,,
SYNTH0001,SYNTHETIC STATION,2023-09-16,,,,,0.0,,0.0,,0.0,,701.0,,601.0,,,,,,,,,,,,,
SYNTH0001,SYNTHETIC STATION,2023-09-17,,,,,0.4,,0.0,,0.0,,700.0,,595.0,,,,,,,,,,,,,
SYNTH0001,SYNTHETIC STATION,2023-09-18,,,,,0.0,,0.0,,0.0,,733.0,,616.0,,,,,,,,,,,,,
SYNTH0001,SYNTHETIC STATION,2023-09-19,,,,,0.0,,0.0,,0.0,,700.0,,577.0,,,,,,,,,,,,,
SYNTH0001,SYNTHETIC STATION,2023-09-20,,,,,0.0,,0.0,,0.0,,711.0,,603.0,,,,,,,,,,,,,
SYNTH0001,SYNTHETIC STATION,2023-09-21,,,,,0.7,,0.0,,0.0,,650.0,,588.0,,,,,,,,,,,,,
SYNTH0001,SYNTHETIC STATION,2023-09-22,,,,,0.0,,0.0,,0.0,,706.0,,613.0,,,,,,,,,,,,,
SYNTH0001,SYNTHETIC STATION,2023-09-23,,,,,0.0,,0.0,,0.0,,739.0,,613.0,,,,,,,,,,,,,
SYNTH0001,SYNTHETIC STATION,2023-09-24,,,,,0.0,,0.0,,0.0,,696.0,,533.0,,,,,,,,,,,,,
SYNTH0001,SYNTHETIC STATION,2023-09-25,,,,,0.0,,0.0,,0.0,,677.0,,585.0,,,,,,,,,,,,,
SYNTH0001,SYNTHETIC STATION,2023-09-26,,,,,0.9,,0.0,,0.0,,671.0,,558.0,,,,,,,,,,,,,
SYNTH0001,SYNTHETIC STATION,2023-09-27,,,,,0.0,,0.0,,0.0,,717.0,,564.0,,,,,,,,,,,,,
SYNTH0001,SYNTHETIC STATION,2023-09-28,,,,,0.0,,0.0,,0.0,,632.0,,573.0,,,,,,,,,,,,,
SYNTH0001,SYNTHETIC STATION,2023-09-29,,,,,0.0,,0.0,,0.0,,653.0,,571.0,,,,,,,,,,,,,
SYNTH0001,SYNTHETIC STATION,2023-09-30,,,,,0.0,,0.0,,0.0,,666.0,,534.0,,,,,,,,,,,,,
SYNTH0001,SYNTHETIC STATION,2023-10-01,,,,,0.0,,0.0,,0.0,,671.0,,558.0,,,,,,,,,,,,,
SYNTH0001,SYNTHETIC STATION,2023-10-02,,,,,0.0,,0.0,,0.0,,633.0,,550.0,,,,,,,,,,,,,
SYNTH0001,SYNTHETIC STATION,2023-10-03,,,,,0.0,,0.0,,0.0,,651.0,,542.0,,,,,,,,,,,,,
SYNTH0001,SYNTHETIC STATION,2023-10-04,,,,,0.0,,0.0,,0.0,,630.0,,504.0,,,,,,,,,,,,,
SYNTH0001,SYNTHETIC STATION,2023-10-05,,,,,0.0,,0.0,,0.0,,639.0,,515.0,,,,,,,,,,,,,
SYNTH0001,SYNTHETIC STATION,2023-10-06,,,,,2.0,,0.0,,0.0,,628.0,,520.0,,,,,,,,,,,,,
SYNTH0001,SYNTHETIC STATION,2023-10-07,,,,,0.7,,0.0,,0.0,,594.0,,545.0,,,,,,,,,,,,,
SYNTH0001,SYNTHETIC STATION,2023-10-08,,,,,0.0,,0.0,,0.0,,624.0,,567.0,,,,,,,,,,,,,
SYNTH0001,SYNTHETIC STATION,2023-10-09,,,,,0.0,,0.0,,0.0,,648.0,,493.0,,,,,,,,,,,,,
SYNTH0001,SYNTHETIC STATION,2023-10-10,,,,,0.0,,0.0,,0.0,,589.0,,489.0,,,,,,,,,,,,,
SYNTH0001,SYNTHETIC STATION,2023-10-11,,,,,0.0,,0.0,,0.0,,608.0,,519.0,,,,,,,,,,,,,
SYNTH0001,SYNTHETIC STATION,2023-10-12,,,,,0.0,,0.0,,0.0,,631.0,,495.0,,,,,,,,,,,,,
SYNTH0001,SYNTHETIC STATION,2023-10-13,,,,,0.0,,0.0,,0.0,,576.0,,485.0,,,,,,,,,,,,,
SYNTH0001,SYNTHETIC STATION,2023-10-14,,,,,0.1,,0.0,,0.0,,610.0,,480.0,,,,,,,,,,,,,
SYNTH0001,SYNTHETIC STATION,2023-10-15,,,,,0.0,,0.0,,0.0,,570.0,,474.0,,,,,,,,,,,,,
SYNTH0001,SYNTHETIC STATION,2023-10-16,,,,,0.0,,0.0,,0.0,,632.0,,512.0,,,,,,,,,,,,,
SYNTH0001,SYNTHETIC STATION,2023-10-17,,,,,0.0,,0.0,,0.0,,664.0,,449.0,,,,,,,,,,,,,
SYNTH0001,SYNTHETIC STATION,2023-10-18,,,,,0.0,,0.0,,0.0,,652.0,,529.0,,,,,,,,,,,,,
SYNTH0001,SYNTHETIC STATION,2023-10-19,,,,,0.0,,0.0,,0.0,,582.0,,462.0,,,,,,,,,,,,,
SYNTH0001,SYNTHETIC STATION,2023-10-20,,,,,0.0,,0.0,,0.0,,607.0,,470.0,,,,,,,,,,,,,
SYNTH0001,SYNTHETIC STATION,2023-10-21,,,,,2.1,,0.0,,0.0,,585.0,,455.0,,,,,,,,,,,,,
SYNTH0001,SYNTHETIC STATION,2023-10-22,,,,,0.0,,0.0,,0.0,,582.0,,422.0,,,,,,,,,,,,,
SYNTH0001,SYNTHETIC STATION,2023-10-23,,,,,2.1,,0.0,,0.0,,622.0,,431.0,,,,,,,,,,,,,
SYNTH0001,SYNTHETIC STATION,2023-10-24,,,,,0.0,,0.0,,0.0,,532.0,,506.0,,,,,,,,,,,,,
SYNTH0001,SYNTHETIC STATION,2023-10-25,,,,,0.0,,0.0,,0.0,,601.0,,520.0,,,,,,,,,,,,,
SYNTH0001,SYNTHETIC STATION,2023-10-26,,,,,0.0,,0.0,,0.0,,564.0,,441.0,,,,,,,,,,,,,
SYNTH0001,SYNTHETIC STATION,2023-10-27,,,,,0.0,,0.0,,0.0,,605.0,,493.0,,,,,,,,,,,,,
SYNTH0001,SYNTHETIC STATION,2023-10-28,,,,,0.0,,0.0,,0.0,,565.0,,460.0,,,,,,,,,,,,,
SYNTH0001,SYNTHETIC STATION,2023-10-29,,,,,0.0,,0.0,,0.0,,536.0,,431.0,,,,,,,,,,,,,
SYNTH0001,SYNTHETIC STATION,2023-10-30,,,,,0.0,,0.0,,0.0,,562.0,,503.0,,,,,,,,,,,,,
SYNTH0001,SYNTHETIC STATION,2023-10-31,,,,,0.0,,0.0,,0.0,,573.0,,514.0,,,,,,,,,,,,,
SYNTH0001,SYNTHETIC STATION,2023-11-01,,,,,0.0,,0.0,,0.0,,549.0,,440.0,,,,,,,,,,,,,
SYNTH0001,SYNTHETIC STATION,2023-11-02,,,,,0.0,,0.0,,0.0,,559.0,,443.0,,,,,,,,,,,,,
SYNTH0001,SYNTHETIC STATION,2023-11-03,,,,,1.0,,0.0,,0.0,,526.0,,449.0,,,,,,,,,,,,,
SYNTH0001,SYNTHETIC STATION,2023-11-04,,,,,0.0,,0.0,,0.0,,475.0,,438.0,,,,,,,,,,,,,
SYNTH0001,SYNTHETIC STATION,2023-11-05,,,,,0.2,,0.0,,0.0,,563.0,,462.0,,,,,,,,,,,,,
SYNTH0001,SYNTHETIC STATION,2023-11-06,,,,,1.5,,0.0,,0.0,,554.0,,479.0,,,,,,,,,,,,,
SYNTH0001,SYNTHETIC STATION,2023-11-07,,,,,0.0,,0.0,,0.0,,535.0,,435.0,,,,,,,,,,,,,
SYNTH0001,SYNTHETIC STATION,2023-11-08,,,,,0.0,,0.0,,0.0,,530.0,,457.0,,,,,,,,,,,,,
SYNTH0001,SYNTHETIC STATION,2023-11-09,,,,,0.0,,0.0,,0.0,,556.0,,474.0,,,,,,,,,,,,,
SYNTH0001,SYNTHETIC STATION,2023-11-10,,,,,0.0,,0.0,,0.0,,509.0,,407.0,,,,,,,,,,,,,
SYNTH0001,SYNTHETIC STATION,2023-11-11,,,,,0.0,,0.0,,0.0,,498.0,,421.0,,,,,,,,,,,,,
SYNTH0001,SYNTHETIC STATION,2023-11-12,,,,,0.6,,0.0,,0.0,,511.0,,405.0,,,,,,,,,,,,,
SYNTH0001,SYNTHETIC STATION,2023-11-13,,,,,0.0,,0.0,,0.0,,550.0,,444.0,,,,,,,,,,,,,
SYNTH0001,SYNTHETIC STATION,2023-11-14,,,,,0.8,,0.0,,0.0,,470.0,,432.0,,,,,,,,,,,,,
SYNTH0001,SYNTHETIC STATION,2023-11-15,,,,,0.0,,0.0,,0.0,,545.0,,439.0,,,,,,,,,,,,,
SYNTH0001,SYNTHETIC STATION,2023-11-16,,,,,0.0,,0.0,,0.0,,488.0,,434.0,,,,,,,,,,,,,
SYNTH0001,SYNTHETIC STATION,2023-11-17,,,,,0.0,,0.0,,0.0,,472.0,,399.0,,,,,,,,,,,,,
SYNTH0001,SYNTHETIC STATION,2023-11-18,,,,,0.0,,0.0,,0.0,,540.0,,426.0,,,,,,,,,,,,,
SYNTH0001,SYNTHETIC STATION,2023-11-19,,,,,0.0,,0.0,,0.0,,497.0,,389.0,,,,,,,,,,,,,
SYNTH0001,SYNTHETIC STATION,2023-11-20,,,,,0.0,,0.0,,0.0,,459.0,,388.0,,,,,,,,,,,,,
SYNTH0001,SYNTHETIC STATION,2023-11-21,,,,,0.0,,0.0,,0.0,,485.0,,335.0,,,,,,,,,,,,,
SYNTH0001,SYNTHETIC STATION,2023-11-22,,,,,1.8,,0.0,,0.0,,521.0,,435.0,,,,,,,,,,,,,
SYNTH0001,SYNTHETIC STATION,2023-11-23,,,,,0.8,,0.0,,0.0,,527.0,,365.0,,,,,,,,,,,,,
SYNTH0001,SYNTHETIC STATION,2023-11-24,,,,,0.0,,0.0,,0.0,,476.0,,392.0,,,,,,,,,,,,,
SYNTH0001,SYNTHETIC STATION,2023-11-25,,,,,0.0,,0.0,,0.0,,499.0,,388.0,,,,,,,,,,,,,
SYNTH0001,SYNTHETIC STATION,2023-11-26,,,,,0.7,,0.0,,0.0,,507.0,,429.0,,,,,,,,,,,,,
SYNTH0001,SYNTHETIC STATION,2023-11-27,,,,,0.0,,0.0,,0.0,,464.0,,397.0,,,,,,,,,,,,,
SYNTH0001,SYNTHETIC STATION,2023-11-28,,,,,0.0,,0.0,,0.0,,492.0,,359.0,,,,,,,,,,,,,
SYNTH0001,SYNTHETIC STATION,2023-11-29,,,,,0.0,,0.0,,0.0,,479.0,,382.0,,,,,,,,,,,,,
SYNTH0001,SYNTHETIC STATION,2023-11-30,,,,,0.0,,0.0,,0.0,,462.0,,375.0,,,,,,,,,,,,,
SYNTH0001,SYNTHETIC STATION,2023-12-01,,,,,0.7,,0.0,,0.0,,461.0,,385.0,,,,,,,,,,,,,
SYNTH0001,SYNTHETIC STATION,2023-12-02,,,,,0.0,,0.0,,0.0,,476.0,,340.0,,,,,,,,,,,,,
SYNTH0001,SYNTHETIC STATION,2023-12-03,,,,,0.0,,0.0,,0.0,,474.0,,373.0,,,,,,,,,,,,,
SYNTH0001,SYNTHETIC STATION,2023-12-04,,,,,0.0,,0.0,,0.0,,454.0,,437.0,,,,,,,,,,,,,
SYNTH0001,SYNTHETIC STATION,2023-12-05,,,,,0.0,,0.0,,0.0,,457.0,,390.0,,,,,,,,,,,,,
SYNTH0001,SYNTHETIC STATION,2023-12-06,,,,,0.0,,0.0,,0.0,,502.0,,427.0,,,,,,,,,,,,,
SYNTH0001,SYNTHETIC STATION,2023-12-07,,,,,0.3,,0.0,,0.0,,473.0,,464.0,,,,,,,,,,,,,
SYNTH0001,SYNTHETIC STATION,2023-12-08,,,,,0.0,,0.0,,0.0,,492.0,,381.0,,,,,,,,,,,,,
SYNTH0001,SYNTHETIC STATION,2023-12-09,,,,,0.0,,0.0,,0.0,,500.0,,324.0,,,,,,,,,,,,,
SYNTH0001,SYNTHETIC STATION,2023-12-10,,,,,0.0,,0.0,,0.0,,481.0,,362.0,,,,,,,,,,,,,
SYNTH0001,SYNTHETIC STATION,2023-12-11,,,,,0.0,,0.0,,0.0,,530.0,,397.0,,,,,,,,,,,,,
SYNTH0001,SYNTHETIC STATION,2023-12-12,,,,,0.0,,0.0,,0.0,,436.0,,389.0,,,,,,,,,,,,,
SYNTH0001,SYNTHETIC STATION,2023-12-13,,,,,0.0,,0.0,,0.0,,484.0,,326.0,,,,,,,,,,,,,
SYNTH0001,SYNTHETIC STATION,2023-12-14,,,,,0.0,,0.0,,0.0,,449.0,,354.0,,,,,,,,,,,,,
SYNTH0001,SYNTHETIC STATION,2023-12-15,,,,,0.1,,0.0,,0.0,,513.0,,356.0,,,,,,,,,,,,,
SYNTH0001,SYNTHETIC STATION,2023-12-16,,,,,0.0,,0.0,,0.0,,508.0,,358.0,,,,,,,,,,,,,
SYNTH0001,SYNTHETIC STATION,2023-12-17,,,,,0.0,,0.0,,0.0,,397.0,,355.0,,,,,,,,,,,,,
SYNTH0001,SYNTHETIC STATION,2023-12-18,,,,,0.6,,0.0,,0.0,,426.0,,331.0,,,,,,,,,,,,,
SYNTH0001,SYNTHETIC STATION,2023-12-19,,,,,0.0,,0.0,,0.0,,474.0,,338.0,,,,,,,,,,,,,
SYNTH0001,SYNTHETIC STATION,2023-12-20,,,,,0.0,,0.0,,0.0,,477.0,,347.0,,,,,,,,,,,,,
SYNTH0001,SYNTHETIC STATION,2023-12-21,,,,,0.0,,0.0,,0.0,,475.0,,384.0,,,,,,,,,,,,,
SYNTH0001,SYNTHETIC STATION,2023-12-22,,,,,0.0,,0.0,,0.0,,450.0,,337.0,,,,,,,,,,,,,
SYNTH0001,SYNTHETIC STATION,2023-12-23,,,,,0.0,,0.0,,0.0,,466.0,,372.0,,,,,,,,,,,,,
SYNTH0001,SYNTHETIC STATION,2023-12-24,,,,,0.0,,0.0,,0.0,,471.0,,319.0,,,,,,,,,,,,,
SYNTH0001,SYNTHETIC STATION,2023-12-25,,,,,0.0,,0.0,,0.0,,449.0,,389.0,,,,,,,,,,,,,
SYNTH0001,SYNTHETIC STATION,2023-12-26,,,,,0.0,,0.0,,0.0,,482.0,,355.0,,,,,,,,,,,,,
SYNTH0001,SYNTHETIC STATION,2023-12-27,,,,,0.0,,0.0,,0.0,,383.0,,351.0,,,,,,,,,,,,,
SYNTH0001,SYNTHETIC STATION,2023-12-28,,,,,0.0,,0.0,,0.0,,469.0,,390.0,,,,,,,,,,,,,
SYNTH0001,SYNTHETIC STATION,2023-12-29,,,,,0.0,,0.0,,0.0,,419.0,,298.0,,,,,,,,,,,,,
SYNTH0001,SYNTHETIC STATION,2023-12-30,,,,,0.0,,0.0,,0.0,,479.0,,306.0,,,,,,,,,,,,,
SYNTH0001,SYNTHETIC STATION,2023-12-31,,,,,0.0,,0.0,,0.0,,443.0,,364.0,,,,,,,,,,,,,
SYNTH0001,SYNTHETIC STATION,2024-01-01,,,,,0.0,,0.0,,0.0,,423.0,,327.0,,,,,,,,,,,,,
SYNTH0001,SYNTHETIC STATION,2024-01-02,,,,,0.0,,0.0,,0.0,,461.0,,339.0,,,,,,,,,,,,,
SYNTH0001,SYNTHETIC STATION,2024-01-03,,,,,0.0,,0.0,,0.0,,423.0,,429.0,,,,,,,,,,,,,
SYNTH0001,SYNTHETIC STATION,2024-01-04,,,,,0.0,,0.0,,0.0,,423.0,,343.0,,,,,,,,,,,,,
SYNTH0001,SYNTHETIC STATION,2024-01-05,,,,,0.3,,0.0,,0.0,,404.0,,353.0,,,,,,,,,,,,,
SYNTH0001,SYNTHETIC STATION,2024-01-06,,,,,0.0,,0.0,,0.0,,450.0,,349.0,,,,,,,,,,,,,
SYNTH0001,SYNTHETIC STATION,2024-01-07,,,,,0.0,,0.0,,0.0,,466.0,,384.0,,,,,,,,,,,,,
SYNTH0001,SYNTHETIC STATION,2024-01-08,,,,,0.0,,0.0,,0.0,,483.0,,360.0,,,,,,,,,,,,,
SYNTH0001,SYNTHETIC STATION,2024-01-09,,,,,0.0,,0.0,,0.0,,448.0,,358.0,,,,,,,,,,,,,
SYNTH0001,SYNTHETIC STATION,2024-01-10,,,,,0.0,,0.0,,0.0,,484.0,,317.0,,,,,,,,,,,,,
SYNTH0001,SYNTHETIC STATION,2024-01-11,,,,,0.0,,0.0,,0.0,,454.0,,344.0,,,,,,,,,,,,,
SYNTH0001,SYNTHETIC STATION,2024-01-12,,,,,0.0,,0.0,,0.0,,451.0,,354.0,,,,,,,,,,,,,
SYNTH0001,SYNTHETIC STATION,2024-01-13,,,,,0.5,,0.0,,0.0,,472.0,,309.0,,,,,,,,,,,,,
SYNTH0001,SYNTHETIC STATION,2024-01-14,,,,,0.0,,0.0,,0.0,,488.0,,372.0,,,,,,,,,,,,,
SYNTH0001,SYNTHETIC STATION,2024-01-15,,,,,0.0,,0.0,,0.0,,446.0,,368.0,,,,,,,,,,,,,
SYNTH0001,SYNTHETIC STATION,2024-01-16,,,,,0.0,,0.0,,0.0,,450.0,,412.0,,,,,,,,,,,,,
SYNTH0001,SYNTHETIC STATION,2024-01-17,,,,,0.0,,0.0,,0.0,,454.0,,311.0,,,,,,,,,,,,,
SYNTH0001,SYNTHETIC STATION,2024-01-18,,,,,0.7,,0.0,,0.0,,462.0,,331.0,,,,,,,,,,,,,
SYNTH0001,SYNTHETIC STATION,2024-01-19,,,,,0.5,,0.0,,0.0,,434.0,,333.0,,,,,,,,,,,,,
SYNTH0001,SYNTHETIC STATION,2024-01-20,,,,,0.0,,0.0,,0.0,,493.0,,342.0,,,,,,,,,,,,,
SYNTH0001,SYNTHETIC STATION,2024-01-21,,,,,0.0,,0.0,,0.0,,451.0,,360.0,,,,,,,,,,,,,
SYNTH0001,SYNTHETIC STATION,2024-01-22,,,,,0.0,,0.0,,0.0,,478.0,,358.0,,,,,,,,,,,,,
SYNTH0001,SYNTHETIC STATION,2024-01-23,,,,,0.0,,0.0,,0.0,,441.0,,373.0,,,,,,,,,,,,,
SYNTH0001,SYNTHETIC STATION,2024-01-24,,,,,0.0,,0.0,,0.0,,478.0,,373.0,,,,,,,,,,,,,
SYNTH0001,SYNTHETIC STATION,2024-01-25,,,,,1.2,,0.0,,0.0,,480.0,,367.0,,,,,,,,,,,,,
SYNTH0001,SYNTHETIC STATION,2024-01-26,,,,,1.1,,0.0,,0.0,,457.0,,324.0,,,,,,,,,,,,,
SYNTH0001,SYNTHETIC STATION,2024-01-27,,,,,0.0,,0.0,,0.0,,532.0,,355.0,,,,,,,,,,,,,
SYNTH0001,SYNTHETIC STATION,2024-01-28,,,,,0.0,,0.0,,0.0,,484.0,,375.0,,,,,,,,,,,,,
SYNTH0001,SYNTHETIC STATION,2024-01-29,,,,,0.0,,0.0,,0.0,,528.0,,392.0,,,,,,,,,,,,,
SYNTH0001,SYNTHETIC STATION,2024-01-30,,,,,0.2,,0.0,,0.0,,505.0,,395.0,,,,,,,,,,,,,
SYNTH0001,SYNTHETIC STATION,2024-01-31,,,,,0.0,,0.0,,0.0,,458.0,,330.0,,,,,,,,,,,,,
SYNTH0001,SYNTHETIC STATION,2024-02-01,,,,,0.0,,0.0,,0.0,,468.0,,364.0,,,,,,,,,,,,,
SYNTH0001,SYNTHETIC STATION,2024-02-02,,,,,0.0,,0.0,,0.0,,494.0,,379.0,,,,,,,,,,,,,
SYNTH0001,SYNTHETIC STATION,2024-02-03,,,,,0.0,,0.0,,0.0,,485.0,,394.0,,,,,,,,,,,,,
SYNTH0001,SYNTHETIC STATION,2024-02-04,,,,,0.0,,0.0,,0.0,,487.0,,418.0,,,,,,,,,,,,,
SYNTH0001,SYNTHETIC STATION,2024-02-05,,,,,0.1,,0.0,,0.0,,479.0,,389.0,,,,,,,,,,,,,
SYNTH0001,SYNTHETIC STATION,2024-02-06,,,,,0.0,,0.0,,0.0,,435.0,,363.0,,,,,,,,,,,,,
SYNTH0001,SYNTHETIC STATION,2024-02-07,,,,,0.3,,0.0,,0.0,,485.0,,403.0,,,,,,,,,,,,,
SYNTH0001,SYNTHETIC STATION,2024-02-08,,,,,0.0,,0.0,,0.0,,427.0,,400.0,,,,,,,,,,,,,
SYNTH0001,SYNTHETIC STATION,2024-02-09,,,,,0.6,,0.0,,0.0,,507.0,,402.0,,,,,,,,,,,,,
SYNTH0001,SYNTHETIC STATION,2024-02-10,,,,,0.0,,0.0,,0.0,,476.0,,394.0,,,,,,,,,,,,,
SYNTH0001,SYNTHETIC STATION,2024-02-11,,,,,0.0,,0.0,,0.0,,479.0,,448.0,,,,,,,,,,,,,
SYNTH0001,SYNTHETIC STATION,2024-02-12,,,,,0.0,,0.0,,0.0,,496.0,,409.0,,,,,,,,,,,,,
SYNTH0001,SYNTHETIC STATION,2024-02-13,,,,,0.0,,0.0,,0.0,,513.0,,430.0,,,,,,,,,,,,,
SYNTH0001,SYNTHETIC STATION,2024-02-14,,,,,0.0,,0.0,,0.0,,464.0,,381.0,,,,,,,,,,,,,
SYNTH0001,SYNTHETIC STATION,2024-02-15,,,,,1.0,,0.0,,0.0,,457.0,,433.0,,,,,,,,,,,,,
SYNTH0001,SYNTHETIC STATION,2024-02-16,,,,,0.5,,0.0,,0.0,,480.0,,395.0,,,,,,,,,,,,,
SYNTH0001,SYNTHETIC STATION,2024-02-17,,,,,6.1,,0.0,,0.0,,453.0,,369.0,,,,,,,,,,,,,
SYNTH0001,SYNTHETIC STATION,2024-02-18,,,,,0.0,,0.0,,0.0,,488.0,,426.0,,,,,,,,,,,,,
SYNTH0001,SYNTHETIC STATION,2024-02-19,,,,,0.0,,0.0,,0.0,,567.0,,438.0,,,,,,,,,,,,,
SYNTH0001,SYNTHETIC STATION,2024-02-20,,,,,0.0,,0.0,,0.0,,491.0,,417.0,,,,,,,,,,,,,
SYNTH0001,SYNTHETIC STATION,2024-02-21,,,,,0.0,,0.0,,0.0,,544.0,,425.0,,,,,,,,,,,,,
SYNTH0001,SYNTHETIC STATION,2024-02-22,,,,,0.0,,0.0,,0.0,,486.0,,457.0,,,,,,,,,,,,,
SYNTH0001,SYNTHETIC STATION,2024-02-23,,,,,0.0,,0.0,,0.0,,539.0,,417.0,,,,,,,,,,,,,
SYNTH0001,SYNTHETIC STATION,2024-02-24,,,,,0.0,,0.0,,0.0,,524.0,,373.0,,,,,,,,,,,,,
SYNTH0001,SYNTHETIC STATION,2024-02-25,,,,,0.0,,0.0,,0.0,,534.0,,444.0,,,,,,,,,,,,,
SYNTH0001,SYNTHETIC STATION,2024-02-26,,,,,0.0,,0.0,,0.0,,556.0,,445.0,,,,,,,,,,,,,
SYNTH0001,SYNTHETIC STATION,2024-02-27,,,,,1.3,,0.0,,0.0,,594.0,,473.0,,,,,,,,,,,,,
SYNTH0001,SYNTHETIC STATION,2024-02-28,,,,,0.4,,0.0,,0.0,,550.0,,435.0,,,,,,,,,,,,,
SYNTH0001,SYNTHETIC STATION,2024-02-29,,,,,0.0,,0.0,,0.0,,551.0,,485.0,,,,,,,,,,,,,
SYNTH0001,SYNTHETIC STATION,2024-03-01,,,,,0.0,,0.0,,0.0,,521.0,,484.0,,,,,,,,,,,,,
SYNTH0001,SYNTHETIC STATION,2024-03-02,,,,,0.0,,0.0,,0.0,,571.0,,415.0,,,,,,,,,,,,,
SYNTH0001,SYNTHETIC STATION,2024-03-03,,,,,0.0,,0.0,,0.0,,549.0,,484.0,,,,,,,,,,,,,
SYNTH0001,SYNTHETIC STATION,2024-03-04,,,,,0.0,,0.0,,0.0,,585.0,,427.0,,,,,,,,,,,,,
SYNTH0001,SYNTHETIC STATION,2024-03-05,,,,,0.0,,0.0,,0.0,,561.0,,417.0,,,,,,,,,,,,,
SYNTH0001,SYNTHETIC STATION,2024-03-06,,,,,0.0,,0.0,,0.0,,618.0,,458.0,,,,,,,,,,,,,
SYNTH0001,SYNTHETIC STATION,2024-03-07,,,,,0.0,,0.0,,0.0,,509.0,,452.0,,,,,,,,,,,,,
SYNTH0001,SYNTHETIC STATION,2024-03-08,,,,,0.0,,0.0,,0.0,,563.0,,414.0,,,,,,,,,,,,,
SYNTH0001,SYNTHETIC STATION,2024-03-09,,,,,0.0,,0.0,,0.0,,602.0,,481.0,,,,,,,,,,,,,
SYNTH0001,SYNTHETIC STATION,2024-03-10,,,,,0.0,,0.0,,0.0,,568.0,,496.0,,,,,,,,,,,,,
SYNTH0001,SYNTHETIC STATION,2024-03-11,,,,,0.0,,0.0,,0.0,,558.0,,522.0,,,,,,,,,,,,,
SYNTH0001,SYNTHETIC STATION,2024-03-12,,,,,0.0,,0.0,,0.0,,577.0,,484.0,,,,,,,,,,,,,
SYNTH0001,SYNTHETIC STATION,2024-03-13,,,,,0.0,,0.0,,0.0,,547.0,,444.0,,,,,,,,,,,,,
SYNTH0001,SYNTHETIC STATION,2024-03-14,,,,,0.0,,0.0,,0.0,,595.0,,463.0,,,,,,,,,,,,,
SYNTH0001,SYNTHETIC STATION,2024-03-15,,,,,0.0,,0.0,,0.0,,668.0,,523.0,,,,,,,,,,,,,
SYNTH0001,SYNTHETIC STATION,2024-03-16,,,,,0.0,,0.0,,0.0,,632.0,,524.0,,,,,,,,,,,,,
SYNTH0001,SYNTHETIC STATION,2024-03-17,,,,,0.0,,0.0,,0.0,,568.0,,517.0,,,,,,,,,,,,,
SYNTH0001,SYNTHETIC STATION,2024-03-18,,,,,0.0,,0.0,,0.0,,579.0,,496.0,,,,,,,,,,,,,
SYNTH0001,SYNTHETIC STATION,2024-03-19,,,,,0.0,,0.0,,0.0,,596.0,,514.0,,,,,,,,,,,,,
SYNTH0001,SYNTHETIC STATION,2024-03-20,,,,,0.0,,0.0,,0.0,,642.0,,505.0,,,,,,,,,,,,,
SYNTH0001,SYNTHETIC STATION,2024-03-21,,,,,0.8,,0.0,,0.0,,590.0,,506.0,,,,,,,,,,,,,
SYNTH0001,SYNTHETIC STATION,2024-03-22,,,,,0.0,,0.0,,0.0,,598.0,,527.0,,,,,,,,,,,,,
SYNTH0001,SYNTHETIC STATION,2024-03-23,,,,,0.0,,0.0,,0.0,,648.0,,523.0,,,,,,,,,,,,,
SYNTH0001,SYNTHETIC STATION,2024-03-24,,,,,0.5,,0.0,,0.0,,651.0,,519.0,,,,,,,,,,,,,
SYNTH0001,SYNTHETIC STATION,2024-03-25,,,,,0.0,,0.0,,0.0,,617.0,,531.0,,,,,,,,,,,,,
SYNTH0001,SYNTHETIC STATION,2024-03-26,,,,,0.0,,0.0,,0.0,,598.0,,517.0,,,,,,,,,,,,,
SYNTH0001,SYNTHETIC STATION,2024-03-27,,,,,0.0,,0.0,,0.0,,589.0,,479.0,,,,,,,,,,,,,
SYNTH0001,SYNTHETIC STATION,2024-03-28,,,,,0.2,,0.0,,0.0,,618.0,,521.0,,,,,,,,,,,,,
SYNTH0001,SYNTHETIC STATION,2024-03-29,,,,,0.0,,0.0,,0.0,,575.0,,541.0,,,,,,,,,,,,,
SYNTH0001,SYNTHETIC STATION,2024-03-30,,,,,0.0,,0.0,,0.0,,668.0,,596.0,,,,,,,,,,,,,
SYNTH0001,SYNTHETIC STATION,2024-03-31,,,,,0.0,,0.0,,0.0,,630.0,,538.0,,,,,,,,,,,,,
SYNTH0001,SYNTHETIC STATION,2024-04-01,,,,,0.6,,0.0,,0.0,,667.0,,611.0,,,,,,,,,,,,,
SYNTH0001,SYNTHETIC STATION,2024-04-02,,,,,0.0,,0.0,,0.0,,712.0,,598.0,,,,,,,,,,,,,
SYNTH0001,SYNTHETIC STATION,2024-04-03,,,,,0.0,,0.0,,0.0,,695.0,,534.0,,,,,,,,,,,,,
SYNTH0001,SYNTHETIC STATION,2024-04-04,,,,,0.0,,0.0,,0.0,,628.0,,542.0,,,,,,,,,,,,,
SYNTH0001,SYNTHETIC STATION,2024-04-05,,,,,0.0,,0.0,,0.0,,692.0,,571.0,,,,,,,,,,,,,
SYNTH0001,SYNTHETIC STATION,2024-04-06,,,,,0.0,,0.0,,0.0,,704.0,,621.0,,,,,,,,,,,,,
SYNTH0001,SYNTHETIC STATION,2024-04-07,,,,,0.0,,0.0,,0.0,,651.0,,584.0,,,,,,,,,,,,,
SYNTH0001,SYNTHETIC STATION,2024-04-08,,,,,0.0,,0.0,,0.0,,648.0,,597.0,,,,,,,,,,,,,
SYNTH0001,SYNTHETIC STATION,2024-04-09,,,,,0.0,,0.0,,0.0,,677.0,,561.0,,,,,,,,,,,,,
SYNTH0001,SYNTHETIC STATION,2024-04-10,,,,,0.0,,0.0,,0.0,,635.0,,516.0,,,,,,,,,,,,,
SYNTH0001,SYNTHETIC STATION,2024-04-11,,,,,0.5,,0.0,,0.0,,731.0,,580.0,,,,,,,,,,,,,
SYNTH0001,SYNTHETIC STATION,2024-04-12,,,,,0.0,,0.0,,0.0,,618.0,,614.0,,,,,,,,,,,,,
SYNTH0001,SYNTHETIC STATION,2024-04-13,,,,,0.7,,0.0,,0.0,,660.0,,629.0,,,,,,,,,,,,,
SYNTH0001,SYNTHETIC STATION,2024-04-14,,,,,0.0,,0.0,,0.0,,689.0,,599.0,,,,,,,,,,,,,
SYNTH0001,SYNTHETIC STATION,2024-04-15,,,,,0.3,,0.0,,0.0,,693.0,,606.0,,,,,,,,,,,,,
SYNTH0001,SYNTHETIC STATION,2024-04-16,,,,,1.2,,0.0,,0.0,,709.0,,638.0,,,,,,,,,,,,,
SYNTH0001,SYNTHETIC STATION,2024-04-17,,,,,0.0,,0.0,,0.0,,715.0,,603.0,,,,,,,,,,,,,
SYNTH0001,SYNTHETIC STATION,2024-04-18,,,,,0.0,,0.0,,0.0,,704.0,,645.0,,,,,,,,,,,,,
SYNTH0001,SYNTHETIC STATION,2024-04-19,,,,,0.0,,0.0,,0.0,,748.0,,580.0,,,,,,,,,,,,,
SYNTH0001,SYNTHETIC STATION,2024-04-20,,,,,0.0,,0.0,,0.0,,653.0,,585.0,,,,,,,,,,,,,
SYNTH0001,SYNTHETIC STATION,2024-04-21,,,,,0.0,,0.0,,0.0,,720.0,,587.0,,,,,,,,,,,,,
SYNTH0001,SYNTHETIC STATION,2024-04-22,,,,,0.0,,0.0,,0.0,,702.0,,637.0,,,,,,,,,,,,,
SYNTH0001,SYNTHETIC STATION,2024-04-23,,,,,2.5,,0.0,,0.0,,730.0,,611.0,,,,,,,,,,,,,
SYNTH0001,SYNTHETIC STATION,2024-04-24,,,,,0.2,,0.0,,0.0,,736.0,,633.0,,,,,,,,,,,,,
SYNTH0001,SYNTHETIC STATION,2024-04-25,,,,,0.0,,0.0,,0.0,,705.0,,644.0,,,,,,,,,,,,,
SYNTH0001,SYNTHETIC STATION,2024-04-26,,,,,0.0,,0.0,,0.0,,717.0,,646.0,,,,,,,,,,,,,
SYNTH0001,SYNTHETIC STATION,2024-04-27,,,,,2.1,,0.0,,0.0,,763.0,,678.0,,,,,,,,,,,,,
SYNTH0001,SYNTHETIC STATION,2024-04-28,,,,,0.0,,0.0,,0.0,,752.0,,685.0,,,,,,,,,,,,,
SYNTH0001,SYNTHETIC STATION,2024-04-29,,,,,0.0,,0.0,,0.0,,725.0,,621.0,,,,,,,,,,,,,
SYNTH0001,SYNTHETIC STATION,2024-04-30,,,,,0.0,,0.0,,0.0,,809.0,,654.0,,,,,,,,,,,,,
SYNTH0001,SYNTHETIC STATION,2024-05-01,,,,,3.0,,0.0,,0.0,,820.0,,644.0,,,,,,,,,,,,,
SYNTH0001,SYNTHETIC STATION,2024-05-02,,,,,1.0,,0.0,,0.0,,710.0,,624.0,,,,,,,,,,,,,
SYNTH0001,SYNTHETIC STATION,2024-05-03,,,,,0.0,,0.0,,0.0,,766.0,,709.0,,,,,,,,,,,,,
SYNTH0001,SYNTHETIC STATION,2024-05-04,,,,,0.0,,0.0,,0.0,,835.0,,683.0,,,,,,,,,,,,,
SYNTH0001,SYNTHETIC STATION,2024-05-05,,,,,0.4,,0.0,,0.0,,786.0,,657.0,,,,,,,,,,,,,
SYNTH0001,SYNTHETIC STATION,2024-05-06,,,,,0.3,,0.0,,0.0,,772.0,,654.0,,,,,,,,,,,,,
SYNTH0001,SYNTHETIC STATION,2024-05-07,,,,,0.0,,0.0,,0.0,,762.0,,680.0,,,,,,,,,,,,,
SYNTH0001,SYNTHETIC STATION,2024-05-08,,,,,0.0,,0.0,,0.0,,755.0,,640.0,,,,,,,,,,,,,
SYNTH0001,SYNTHETIC STATION,2024-05-09,,,,,0.0,,0.0,,0.0,,767.0,,667.0,,,,,,,,,,,,,
SYNTH0001,SYNTHETIC STATION,2024-05-10,,,,,0.0,,0.0,,0.0,,760.0,,713.0,,,,,,,,,,,,,
SYNTH0001,SYNTHETIC STATION,2024-05-11,,,,,0.0,,0.0,,0.0,,801.0,,707.0,,,,,,,,,,,,,
SYNTH0001,SYNTHETIC STATION,2024-05-12,,,,,0.0,,0.0,,0.0,,770.0,,658.0,,,,,,,,,,,,,
SYNTH0001,SYNTHETIC STATION,2024-05-13,,,,,0.0,,0.0,,0.0,,771.0,,670.0,,,,,,,,,,,,,
SYNTH0001,SYNTHETIC STATION,2024-05-14,,,,,0.6,,0.0,,0.0,,751.0,,744.0,,,,,,,,,,,,,
SYNTH0001,SYNTHETIC STATION,2024-05-15,,,,,0.0,,0.0,,0.0,,788.0,,649.0,,,,,,,,,,,,,
SYNTH0001,SYNTHETIC STATION,2024-05-16,,,,,0.0,,0.0,,0.0,,765.0,,674.0,,,,,,,,,,,,,
SYNTH0001,SYNTHETIC STATION,2024-05-17,,,,,0.0,,0.0,,0.0,,789.0,,654.0,,,,,,,,,,,,,
SYNTH0001,SYNTHETIC STATION,2024-05-18,,,,,0.0,,0.0,,0.0,,828.0,,708.0,,,,,,,,,,,,,
SYNTH0001,SYNTHETIC STATION,2024-05-19,,,,,0.0,,0.0,,0.0,,810.0,,708.0,,,,,,,,,,,,,
SYNTH0001,SYNTHETIC STATION,2024-05-20,,,,,0.0,,0.0,,0.0,,816.0,,735.0,,,,,,,,,,,,,
SYNTH0001,SYNTHETIC STATION,2024-05-21,,,,,0.0,,0.0,,0.0,,814.0,,627.0,,,,,,,,,,,,,
SYNTH0001,SYNTHETIC STATION,2024-05-22,,,,,1.7,,0.0,,0.0,,807.0,,711.0,,,,,,,,,,,,,
SYNTH0001,SYNTHETIC STATION,2024-05-23,,,,,0.0,,0.0,,0.0,,804.0,,660.0,,,,,,,,,,,,,
SYNTH0001,SYNTHETIC STATION,2024-05-24,,,,,0.0,,0.0,,0.0,,801.0,,729.0,,,,,,,,,,,,,
SYNTH0001,SYNTHETIC STATION,2024-05-25,,,,,0.7,,0.0,,0.0,,835.0,,707.0,,,,,,,,,,,,,
SYNTH0001,SYNTHETIC STATION,2024-05-26,,,,,0.0,,0.0,,0.0,,781.0,,764.0,,,,,,,,,,,,,
SYNTH0001,SYNTHETIC STATION,2024-05-27,,,,,0.0,,0.0,,0.0,,856.0,,727.0,,,,,,,,,,,,,
SYNTH0001,SYNTHETIC STATION,2024-05-28,,,,,0.0,,0.0,,0.0,,819.0,,688.0,,,,,,,,,,,,,
SYNTH0001,SYNTHETIC STATION,2024-05-29,,,,,1.1,,0.0,,0.0,,797.0,,757.0,,,,,,,,,,,,,
SYNTH0001,SYNTHETIC STATION,2024-05-30,,,,,0.0,,0.0,,0.0,,807.0,,689.0,,,,,,,,,,,,,
SYNTH0001,SYNTHETIC STATION,2024-05-31,,,,,0.0,,0.0,,0.0,,803.0,,713.0,,,,,,,,,,,,,
SYNTH0001,SYNTHETIC STATION,2024-06-01,,,,,0.0,,0.0,,0.0,,830.0,,756.0,,,,,,,,,,,,,
SYNTH0001,SYNTHETIC STATION,2024-06-02,,,,,3.3,,0.0,,0.0,,805.0,,741.0,,,,,,,,,,,,,
SYNTH0001,SYNTHETIC STATION,2024-06-03,,,,,0.0,,0.0,,0.0,,862.0,,742.0,,,,,,,,,,,,,
SYNTH0001,SYNTHETIC STATION,2024-06-04,,,,,0.0,,0.0,,0.0,,806.0,,731.0,,,,,,,,,,,,,
SYNTH0001,SYNTHETIC STATION,2024-06-05,,,,,0.0,,0.0,,0.0,,763.0,,747.0,,,,,,,,,,,,,
SYNTH0001,SYNTHETIC STATION,2024-06-06,,,,,0.0,,0.0,,0.0,,811.0,,757.0,,,,,,,,,,,,,
SYNTH0001,SYNTHETIC STATION,2024-06-07,,,,,0.0,,0.0,,0.0,,774.0,,743.0,,,,,,,,,,,,,
SYNTH0001,SYNTHETIC STATION,2024-06-08,,,,,0.0,,0.0,,0.0,,834.0,,766.0,,,,,,,,,,,,,
SYNTH0001,SYNTHETIC STATION,2024-06-09,,,,,0.0,,0.0,,0.0,,868.0,,775.0,,,,,,,,,,,,,
SYNTH0001,SYNTHETIC STATION,2024-06-10,,,,,0.0,,0.0,,0.0,,857.0,,739.0,,,,,,,,,,,,,
SYNTH0001,SYNTHETIC STATION,2024-06-11,,,,,0.7,,0.0,,0.0,,799.0,,712.0,,,,,,,,,,,,,
SYNTH0001,SYNTHETIC STATION,2024-06-12,,,,,0.0,,0.0,,0.0,,817.0,,786.0,,,,,,,,,,,,,
SYNTH0001,SYNTHETIC STATION,2024-06-13,,,,,0.0,,0.0,,0.0,,894.0,,741.0,,,,,,,,,,,,,
SYNTH0001,SYNTHETIC STATION,2024-06-14,,,,,0.0,,0.0,,0.0,,852.0,,761.0,,,,,,,,,,,,,
SYNTH0001,SYNTHETIC STATION,2024-06-15,,,,,0.0,,0.0,,0.0,,843.0,,772.0,,,,,,,,,,,,,
SYNTH0001,SYNTHETIC STATION,2024-06-16,,,,,0.0,,0.0,,0.0,,875.0,,718.0,,,,,,,,,,,,,
SYNTH0001,SYNTHETIC STATION,2024-06-17,,,,,0.0,,0.0,,0.0,,918.0,,760.0,,,,,,,,,,,,,
SYNTH0001,SYNTHETIC STATION,2024-06-18,,,,,0.0,,0.0,,0.0,,884.0,,700.0,,,,,,,,,,,,,
SYNTH0001,SYNTHETIC STATION,2024-06-19,,,,,0.4,,0.0,,0.0,,850.0,,769.0,,,,,,,,,,,,,
SYNTH0001,SYNTHETIC STATION,2024-06-20,,,,,0.0,,0.0,,0.0,,857.0,,735.0,,,,,,,,,,,,,
SYNTH0001,SYNTHETIC STATION,2024-06-21,,,,,0.0,,0.0,,0.0,,866.0,,754.0,,,,,,,,,,,,,
SYNTH0001,SYNTHETIC STATION,2024-06-22,,,,,0.0,,0.0,,0.0,,829.0,,770.0,,,,,,,,,,,,,
SYNTH0001,SYNTHETIC STATION,2024-06-23,,,,,0.0,,0.0,,0.0,,817.0,,731.0,,,,,,,,,,,,,
SYNTH0001,SYNTHETIC STATION,2024-06-24,,,,,0.0,,0.0,,0.0,,850.0,,753.0,,,,,,,,,,,,,
SYNTH0001,SYNTHETIC STATION,2024-06-25,,,,,0.0,,0.0,,0.0,,821.0,,731.0,,,,,,,,,,,,,
SYNTH0001,SYNTHETIC STATION,2024-06-26,,,,,0.0,,0.0,,0.0,,848.0,,751.0,,,,,,,,,,,,,
SYNTH0001,SYNTHETIC STATION,2024-06-27,,,,,0.0,,0.0,,0.0,,853.0,,782.0,,,,,,,,,,,,,
SYNTH0001,SYNTHETIC STATION,2024-06-28,,,,,0.5,,0.0,,0.0,,920.0,,753.0,,,,,,,,,,,,,
SYNTH0001,SYNTHETIC STATION,2024-06-29,,,,,0.0,,0.0,,0.0,,824.0,,748.0,,,,,,,,,,,,,
SYNTH0001,SYNTHETIC STATION,2024-06-30,,,,,0.0,,0.0,,0.0,,846.0,,721.0,,,,,,,,,,,,,
SYNTH0001,SYNTHETIC STATION,2024-07-01,,,,,0.0,,0.0,,0.0,,845.0,,777.0,,,,,,,,,,,,,
SYNTH0001,SYNTHETIC STATION,2024-07-02,,,,,0.0,,0.0,,0.0,,863.0,,751.0,,,,,,,,,,,,,
SYNTH0001,SYNTHETIC STATION,2024-07-03,,,,,0.0,,0.0,,0.0,,881.0,,801.0,,,,,,,,,,,,,
SYNTH0001,SYNTHETIC STATION,2024-07-04,,,,,0.0,,0.0,,0.0,,835.0,,730.0,,,,,,,,,,,,,
SYNTH0001,SYNTHETIC STATION,2024-07-05,,,,,1.5,,0.0,,0.0,,825.0,,782.0,,,,,,,,,,,,,
SYNTH0001,SYNTHETIC STATION,2024-07-06,,,,,0.0,,0.0,,0.0,,800.0,,803.0,,,,,,,,,,,,,
SYNTH0001,SYNTHETIC STATION,2024-07-07,,,,,0.1,,0.0,,0.0,,821.0,,751.0,,,,,,,,,,,,,
SYNTH0001,SYNTHETIC STATION,2024-07-08,,,,,0.0,,0.0,,0.0,,864.0,,715.0,,,,,,,,,,,,,
SYNTH0001,SYNTHETIC STATION,2024-07-09,,,,,0.0,,0.0,,0.0,,849.0,,794.0,,,,,,,,,,,,,
SYNTH0001,SYNTHETIC STATION,2024-07-10,,,,,0.0,,0.0,,0.0,,817.0,,780.0,,,,,,,,,,,,,
SYNTH0001,SYNTHETIC STATION,2024-07-11,,,,,0.1,,0.0,,0.0,,836.0,,769.0,,,,,,,,,,,,,
SYNTH0001,SYNTHETIC STATION,2024-07-12,,,,,0.0,,0.0,,0.0,,847.0,,780.0,,,,,,,,,,,,,
SYNTH0001,SYNTHETIC STATION,2024-07-13,,,,,0.0,,0.0,,0.0,,860.0,,734.0,,,,,,,,,,,,,
SYNTH0001,SYNTHETIC STATION,2024-07-14,,,,,0.0,,0.0,,0.0,,827.0,,769.0,,,,,,,,,,,,,
SYNTH0001,SYNTHETIC STATION,2024-07-15,,,,,0.0,,0.0,,0.0,,836.0,,765.0,,,,,,,,,,,,,
SYNTH0001,SYNTHETIC STATION,2024-07-16,,,,,0.0,,0.0,,0.0,,788.0,,725.0,,,,,,,,,,,,,
SYNTH0001,SYNTHETIC STATION,2024-07-17,,,,,0.0,,0.0,,0.0,,807.0,,765.0,,,,,,,,,,,,,
SYNTH0001,SYNTHETIC STATION,2024-07-18,,,,,0.0,,0.0,,0.0,,890.0,,728.0,,,,,,,,,,,,,
SYNTH0001,SYNTHETIC STATION,2024-07-19,,,,,0.0,,0.0,,0.0,,774.0,,769.0,,,,,,,,,,,,,
SYNTH0001,SYNTHETIC STATION,2024-07-20,,,,,0.0,,0.0,,0.0,,829.0,,775.0,,,,,,,,,,,,,
SYNTH0001,SYNTHETIC STATION,2024-07-21,,,,,6.4,,0.0,,0.0,,844.0,,793.0,,,,,,,,,,,,,
SYNTH0001,SYNTHETIC STATION,2024-07-22,,,,,0.6,,0.0,,0.0,,825.0,,681.0,,,,,,,,,,,,,
SYNTH0001,SYNTHETIC STATION,2024-07-23,,,,,0.0,,0.0,,0.0,,811.0,,745.0,,,,,,,,,,,,,
SYNTH0001,SYNTHETIC STATION,2024-07-24,,,,,0.0,,0.0,,0.0,,832.0,,727.0,,,,,,,,,,,,,
SYNTH0001,SYNTHETIC STATION,2024-07-25,,,,,0.0,,0.0,,0.0,,832.0,,733.0,,,,,,,,,,,,,
SYNTH0001,SYNTHETIC STATION,2024-07-26,,,,,0.0,,0.0,,0.0,,829.0,,726.0,,,,,,,,,,,,,
SYNTH0001,SYNTHETIC STATION,2024-07-27,,,,,0.0,,0.0,,0.0,,773.0,,728.0,,,,,,,,,,,,,
SYNTH0001,SYNTHETIC STATION,2024-07-28,,,,,0.0,,0.0,,0.0,,824.0,,671.0,,,,,,,,,,,,,
SYNTH0001,SYNTHETIC STATION,2024-07-29,,,,,0.0,,0.0,,0.0,,801.0,,758.0,,,,,,,,,,,,,
SYNTH0001,SYNTHETIC STATION,2024-07-30,,,,,0.0,,0.0,,0.0,,808.0,,771.0,,,,,,,,,,,,,
SYNTH0001,SYNTHETIC STATION,2024-07-31,,,,,0.0,,0.0,,0.0,,830.0,,753.0,,,,,,,,,,,,,
SYNTH0001,SYNTHETIC STATION,2024-08-01,,,,,0.0,,0.0,,0.0,,841.0,,761.0,,,,,,,,,,,,,
SYNTH0001,SYNTHETIC STATION,2024-08-02,,,,,0.0,,0.0,,0.0,,846.0,,697.0,,,,,,,,,,,,,
SYNTH0001,SYNTHETIC STATION,2024-08-03,,,,,0.0,,0.0,,0.0,,803.0,,693.0,,,,,,,,,,,,,
SYNTH0001,SYNTHETIC STATION,2024-08-04,,,,,0.0,,0.0,,0.0,,843.0,,745.0,,,,,,,,,,,,,
SYNTH0001,SYNTHETIC STATION,2024-08-05,,,,,0.0,,0.0,,0.0,,849.0,,756.0,,,,,,,,,,,,,
SYNTH0001,SYNTHETIC STATION,2024-08-06,,,,,0.0,,0.0,,0.0,,846.0,,722.0,,,,,,,,,,,,,
SYNTH0001,SYNTHETIC STATION,2024-08-07,,,,,0.0,,0.0,,0.0,,851.0,,668.0,,,,,,,,,,,,,
SYNTH0001,SYNTHETIC STATION,2024-08-08,,,,,0.0,,0.0,,0.0,,803.0,,792.0,,,,,,,,,,,,,
SYNTH0001,SYNTHETIC STATION,2024-08-09,,,,,0.0,,0.0,,0.0,,800.0,,690.0,,,,,,,,,,,,,
SYNTH0001,SYNTHETIC STATION,2024-08-10,,,,,0.0,,0.0,,0.0,,828.0,,736.0,,,,,,,,,,,,,
SYNTH0001,SYNTHETIC STATION,2024-08-11,,,,,0.0,,0.0,,0.0,,760.0,,670.0,,,,,,,,,,,,,
SYNTH0001,SYNTHETIC STATION,2024-08-12,,,,,0.0,,0.0,,0.0,,805.0,,731.0,,,,,,,,,,,,,
SYNTH0001,SYNTHETIC STATION,2024-08-13,,,,,0.0,,0.0,,0.0,,781.0,,705.0,,,,,,,,,,,,,
SYNTH0001,SYNTHETIC STATION,2024-08-14,,,,,0.0,,0.0,,0.0,,783.0,,739.0,,,,,,,,,,,,,
SYNTH0001,SYNTHETIC STATION,2024-08-15,,,,,1.3,,0.0,,0.0,,739.0,,721.0,,,,,,,,,,,,,
SYNTH0001,SYNTHETIC STATION,2024-08-16,,,,,0.0,,0.0,,0.0,,763.0,,648.0,,,,,,,,,,,,,
SYNTH0001,SYNTHETIC STATION,2024-08-17,,,,,0.0,,0.0,,0.0,,786.0,,662.0,,,,,,,,,,,,,
SYNTH0001,SYNTHETIC STATION,2024-08-18,,,,,0.0,,0.0,,0.0,,811.0,,696.0,,,,,,,,,,,,,
SYNTH0001,SYNTHETIC STATION,2024-08-19,,,,,0.0,,0.0,,0.0,,811.0,,708.0,,,,,,,,,,,,,
SYNTH0001,SYNTHETIC STATION,2024-08-20,,,,,0.0,,0.0,,0.0,,777.0,,736.0,,,,,,,,,,,,,
SYNTH0001,SYNTHETIC STATION,2024-08-21,,,,,0.0,,0.0,,0.0,,771.0,,688.0,,,,,,,,,,,,,
SYNTH0001,SYNTHETIC STATION,2024-08-22,,,,,0.0,,0.0,,0.0,,749.0,,675.0,,,,,,,,,,,,,
SYNTH0001,SYNTHETIC STATION,2024-08-23,,,,,0.0,,0.0,,0.0,,783.0,,674.0,,,,,,,,,,,,,
SYNTH0001,SYNTHETIC STATION,2024-08-24,,,,,0.1,,0.0,,0.0,,761.0,,671.0,,,,,,,,,,,,,
SYNTH0001,SYNTHETIC STATION,2024-08-25,,,,,0.0,,0.0,,0.0,,784.0,,699.0,,,,,,,,,,,,,
SYNTH0001,SYNTHETIC STATION,2024-08-26,,,,,0.0,,0.0,,0.0,,815.0,,665.0,,,,,,,,,,,,,
SYNTH0001,SYNTHETIC STATION,2024-08-27,,,,,3.0,,0.0,,0.0,,759.0,,661.0,,,,,,,,,,,,,
SYNTH0001,SYNTHETIC STATION,2024-08-28,,,,,0.0,,0.0,,0.0,,712.0,,618.0,,,,,,,,,,,,,
SYNTH0001,SYNTHETIC STATION,2024-08-29,,,,,0.0,,0.0,,0.0,,728.0,,598.0,,,,,,,,,,,,,
SYNTH0001,SYNTHETIC STATION,2024-08-30,,,,,2.5,,0.0,,0.0,,707.0,,655.0,,,,,,,,,,,,,
SYNTH0001,SYNTHETIC STATION,2024-08-31,,,,,0.0,,0.0,,0.0,,712.0,,671.0,,,,,,,,,,,,,
SYNTH0001,SYNTHETIC STATION,2024-09-01,,,,,0.0,,0.0,,0.0,,784.0,,647.0,,,,,,,,,,,,,
SYNTH0001,SYNTHETIC STATION,2024-09-02,,,,,0.0,,0.0,,0.0,,749.0,,660.0,,,,,,,,,,,,,
SYNTH0001,SYNTHETIC STATION,2024-09-03,,,,,0.0,,0.0,,0.0,,693.0,,661.0,,,,,,,,,,,,,
SYNTH0001,SYNTHETIC STATION,2024-09-04,,,,,0.1,,0.0,,0.0,,755.0,,638.0,,,,,,,,,,,,,
SYNTH0001,SYNTHETIC STATION,2024-09-05,,,,,0.0,,0.0,,0.0,,770.0,,664.0,,,,,,,,,,,,,
SYNTH0001,SYNTHETIC STATION,2024-09-06,,,,,0.0,,0.0,,0.0,,719.0,,611.0,,,,,,,,,,,,,
SYNTH0001,SYNTHETIC STATION,2024-09-07,,,,,0.0,,0.0,,0.0,,706.0,,629.0,,,,,,,,,,,,,
SYNTH0001,SYNTHETIC STATION,2024-09-08,,,,,0.0,,0.0,,0.0,,713.0,,616.0,,,,,,,,,,,,,
SYNTH0001,SYNTHETIC STATION,2024-09-09,,,,,0.0,,0.0,,0.0,,728.0,,625.0,,,,,,,,,,,,,
SYNTH0001,SYNTHETIC STATION,2024-09-10,,,,,0.0,,0.0,,0.0,,736.0,,639.0,,,,,,,,,,,,,
SYNTH0001,SYNTHETIC STATION,2024-09-11,,,,,0.0,,0.0,,0.0,,749.0,,642.0,,,,,,,,,,,,,
SYNTH0001,SYNTHETIC STATION,2024-09-12,,,,,0.0,,0.0,,0.0,,747.0,,617.0,,,,,,,,,,,,,
SYNTH0001,SYNTHETIC STATION,2024-09-13,,,,,0.0,,0.0,,0.0,,742.0,,623.0,,,,,,,,,,,,,
SYNTH0001,SYNTHETIC STATION,2024-09-14,,,,,0.0,,0.0,,0.0,,744.0,,597.0,,,,,,,,,,,,,
SYNTH0001,SYNTHETIC STATION,2024-09-15,,,,,0.0,,0.0,,0.0,,720.0,,600.0,,,,,,,,,,,,,
SYNTH0001,SYNTHETIC STATION,2024-09-16,,,,,0.0,,0.0,,0.0,,651.0,,638.0,,,,,,,,,,,,,
SYNTH0001,SYNTHETIC STATION,2024-09-17,,,,,0.0,,0.0,,0.0,,690.0,,592.0,,,,,,,,,,,,,
SYNTH0001,SYNTHETIC STATION,2024-09-18,,,,,0.1,,0.0,,0.0,,700.0,,630.0,,,,,,,,,,,,,
SYNTH0001,SYNTHETIC STATION,2024-09-19,,,,,0.0,,0.0,,0.0,,675.0,,605.0,,,,,,,,,,,,,
SYNTH0001,SYNTHETIC STATION,2024-09-20,,,,,0.0,,0.0,,0.0,,711.0,,592.0,,,,,,,,,,,,,
SYNTH0001,SYNTHETIC STATION,2024-09-21,,,,,0.0,,0.0,,0.0,,669.0,,642.0,,,,,,,,,,,,,
SYNTH0001,SYNTHETIC STATION,2024-09-22,,,,,0.0,,0.0,,0.0,,649.0,,574.0,,,,,,,,,,,,,
SYNTH0001,SYNTHETIC STATION,2024-09-23,,,,,0.0,,0.0,,0.0,,717.0,,569.0,,,,,,,,,,,,,
SYNTH0001,SYNTHETIC STATION,2024-09-24,,,,,0.0,,0.0,,0.0,,690.0,,575.0,,,,,,,,,,,,,
SYNTH0001,SYNTHETIC STATION,2024-09-25,,,,,0.0,,0.0,,0.0,,673.0,,579.0,,,,,,,,,,,,,
SYNTH0001,SYNTHETIC STATION,2024-09-26,,,,,0.0,,0.0,,0.0,,691.0,,574.0,,,,,,,,,,,,,
SYNTH0001,SYNTHETIC STATION,2024-09-27,,,,,0.4,,0.0,,0.0,,691.0,,589.0,,,,,,,,,,,,,
SYNTH0001,SYNTHETIC STATION,2024-09-28,,,,,0.0,,0.0,,0.0,,666.0,,564.0,,,,,,,,,,,,,
SYNTH0001,SYNTHETIC STATION,2024-09-29,,,,,0.0,,0.0,,0.0,,579.0,,569.0,,,,,,,,,,,,,
SYNTH0001,SYNTHETIC STATION,2024-09-30,,,,,0.0,,0.0,,0.0,,629.0,,546.0,,,,,,,,,,,,,
SYNTH0001,SYNTHETIC STATION,2024-10-01,,,,,0.0,,0.0,,0.0,,632.0,,582.0,,,,,,,,,,,,,
SYNTH0001,SYNTHETIC STATION,2024-10-02,,,,,0.0,,0.0,,0.0,,613.0,,535.0,,,,,,,,,,,,,
SYNTH0001,SYNTHETIC STATION,2024-10-03,,,,,0.0,,0.0,,0.0,,645.0,,535.0,,,,,,,,,,,,,
SYNTH0001,SYNTHETIC STATION,2024-10-04,,,,,0.0,,0.0,,0.0,,671.0,,540.0,,,,,,,,,,,,,
SYNTH0001,SYNTHETIC STATION,2024-10-05,,,,,0.0,,0.0,,0.0,,617.0,,545.0,,,,,,,,,,,,,
SYNTH0001,SYNTHETIC STATION,2024-10-06,,,,,0.0,,0.0,,0.0,,594.0,,512.0,,,,,,,,,,,,,
SYNTH0001,SYNTHETIC STATION,2024-10-07,,,,,0.0,,0.0,,0.0,,686.0,,575.0,,,,,,,,,,,,,
SYNTH0001,SYNTHETIC STATION,2024-10-08,,,,,0.2,,0.0,,0.0,,608.0,,508.0,,,,,,,,,,,,,
SYNTH0001,SYNTHETIC STATION,2024-10-09,,,,,1.4,,0.0,,0.0,,581.0,,511.0,,,,,,,,,,,,,
SYNTH0001,SYNTHETIC STATION,2024-10-10,,,,,0.0,,0.0,,0.0,,622.0,,506.0,,,,,,,,,,,,,
SYNTH0001,SYNTHETIC STATION,2024-10-11,,,,,0.0,,0.0,,0.0,,624.0,,500.0,,,,,,,,,,,,,
SYNTH0001,SYNTHETIC STATION,2024-10-12,,,,,0.0,,0.0,,0.0,,587.0,,528.0,,,,,,,,,,,,,
SYNTH0001,SYNTHETIC STATION,2024-10-13,,,,,0.0,,0.0,,0.0,,628.0,,513.0,,,,,,,,,,,,,
SYNTH0001,SYNTHETIC STATION,2024-10-14,,,,,0.0,,0.0,,0.0,,587.0,,482.0,,,,,,,,,,,,,
SYNTH0001,SYNTHETIC STATION,2024-10-15,,,,,0.0,,0.0,,0.0,,570.0,,485.0,,,,,,,,,,,,,
SYNTH0001,SYNTHETIC STATION,2024-10-16,,,,,0.0,,0.0,,0.0,,600.0,,489.0,,,,,,,,,,,,,
SYNTH0001,SYNTHETIC STATION,2024-10-17,,,,,1.1,,0.0,,0.0,,615.0,,537.0,,,,,,,,,,,,,
SYNTH0001,SYNTHETIC STATION,2024-10-18,,,,,0.0,,0.0,,0.0,,569.0,,472.0,,,,,,,,,,,,,
SYNTH0001,SYNTHETIC STATION,2024-10-19,,,,,0.0,,0.0,,0.0,,595.0,,450.0,,,,,,,,,,,,,
SYNTH0001,SYNTHETIC STATION,2024-10-20,,,,,0.0,,0.0,,0.0,,579.0,,451.0,,,,,,,,,,,,,
SYNTH0001,SYNTHETIC STATION,2024-10-21,,,,,0.0,,0.0,,0.0,,663.0,,471.0,,,,,,,,,,,,,
SYNTH0001,SYNTHETIC STATION,2024-10-22,,,,,0.3,,0.0,,0.0,,554.0,,522.0,,,,,,,,,,,,,
SYNTH0001,SYNTHETIC STATION,2024-10-23,,,,,0.0,,0.0,,0.0,,614.0,,444.0,,,,,,,,,,,,,
SYNTH0001,SYNTHETIC STATION,2024-10-24,,,,,0.0,,0.0,,0.0,,567.0,,473.0,,,,,,,,,,,,,
SYNTH0001,SYNTHETIC STATION,2024-10-25,,,,,0.0,,0.0,,0.0,,562.0,,542.0,,,,,,,,,,,,,
SYNTH0001,SYNTHETIC STATION,2024-10-26,,,,,0.0,,0.0,,0.0,,584.0,,451.0,,,,,,,,,,,,,
SYNTH0001,SYNTHETIC STATION,2024-10-27,,,,,0.0,,0.0,,0.0,,586.0,,504.0,,,,,,,,,,,,,
SYNTH0001,SYNTHETIC STATION,2024-10-28,,,,,0.0,,0.0,,0.0,,595.0,,495.0,,,,,,,,,,,,,
SYNTH0001,SYNTHETIC STATION,2024-10-29,,,,,0.0,,0.0,,0.0,,563.0,,473.0,,,,,,,,,,,,,
SYNTH0001,SYNTHETIC STATION,2024-10-30,,,,,0.2,,0.0,,0.0,,532.0,,412.0,,,,,,,,,,,,,
SYNTH0001,SYNTHETIC STATION,2024-10-31,,,,,0.0,,0.0,,0.0,,531.0,,459.0,,,,,,,,,,,,,
SYNTH0001,SYNTHETIC STATION,2024-11-01,,,,,0.0,,0.0,,0.0,,560.0,,436.0,,,,,,,,,,,,,
SYNTH0001,SYNTHETIC STATION,2024-11-02,,,,,0.0,,0.0,,0.0,,559.0,,389.0,,,,,,,,,,,,,
SYNTH0001,SYNTHETIC STATION,2024-11-03,,,,,1.4,,0.0,,0.0,,581.0,,391.0,,,,,,,,,,,,,
SYNTH0001,SYNTHETIC STATION,2024-11-04,,,,,0.0,,0.0,,0.0,,549.0,,439.0,,,,,,,,,,,,,
SYNTH0001,SYNTHETIC STATION,2024-11-05,,,,,0.0,,0.0,,0.0,,565.0,,440.0,,,,,,,,,,,,,
SYNTH0001,SYNTHETIC STATION,2024-11-06,,,,,0.6,,0.0,,0.0,,576.0,,468.0,,,,,,,,,,,,,
SYNTH0001,SYNTHETIC STATION,2024-11-07,,,,,0.0,,0.0,,0.0,,533.0,,448.0,,,,,,,,,,,,,
SYNTH0001,SYNTHETIC STATION,2024-11-08,,,,,0.0,,0.0,,0.0,,480.0,,412.0,,,,,,,,,,,,,
SYNTH0001,SYNTHETIC STATION,2024-11-09,,,,,0.0,,0.0,,0.0,,487.0,,410.0,,,,,,,,,,,,,
SYNTH0001,SYNTHETIC STATION,2024-11-10,,,,,0.1,,0.0,,0.0,,476.0,,416.0,,,,,,,,,,,,,
SYNTH0001,SYNTHETIC STATION,2024-11-11,,,,,0.0,,0.0,,0.0,,565.0,,387.0,,,,,,,,,,,,,
SYNTH0001,SYNTHETIC STATION,2024-11-12,,,,,0.1,,0.0,,0.0,,489.0,,438.0,,,,,,,,,,,,,
SYNTH0001,SYNTHETIC STATION,2024-11-13,,,,,0.0,,0.0,,0.0,,549.0,,414.0,,,,,,,,,,,,,
SYNTH0001,SYNTHETIC STATION,2024-11-14,,,,,0.0,,0.0,,0.0,,527.0,,388.0,,,,,,,,,,,,,
SYNTH0001,SYNTHETIC STATION,2024-11-15,,,,,0.0,,0.0,,0.0,,559.0,,390.0,,,,,,,,,,,,,
SYNTH0001,SYNTHETIC STATION,2024-11-16,,,,,0.0,,0.0,,0.0,,535.0,,373.0,,,,,,,,,,,,,
SYNTH0001,SYNTHETIC STATION,2024-11-17,,,,,0.0,,0.0,,0.0,,499.0,,390.0,,,,,,,,,,,,,
SYNTH0001,SYNTHETIC STATION,2024-11-18,,,,,0.0,,0.0,,0.0,,494.0,,409.0,,,,,,,,,,,,,
SYNTH0001,SYNTHETIC STATION,2024-11-19,,,,,0.0,,0.0,,0.0,,500.0,,387.0,,,,,,,,,,,,,
SYNTH0001,SYNTHETIC STATION,2024-11-20,,,,,0.0,,0.0,,0.0,,501.0,,426.0,,,,,,,,,,,,,
SYNTH0001,SYNTHETIC STATION,2024-11-21,,,,,0.0,,0.0,,0.0,,477.0,,443.0,,,,,,,,,,,,,
SYNTH0001,SYNTHETIC STATION,2024-11-22,,,,,0.0,,0.0,,0.0,,490.0,,374.0,,,,,,,,,,,,,
SYNTH0001,SYNTHETIC STATION,2024-11-23,,,,,0.0,,0.0,,0.0,,537.0,,391.0,,,,,,,,,,,,,
SYNTH0001,SYNTHETIC STATION,2024-11-24,,,,,0.0,,0.0,,0.0,,436.0,,378.0,,,,,,,,,,,,,
SYNTH0001,SYNTHETIC STATION,2024-11-25,,,,,0.0,,0.0,,0.0,,493.0,,436.0,,,,,,,,,,,,,
SYNTH0001,SYNTHETIC STATION,2024-11-26,,,,,0.0,,0.0,,0.0,,456.0,,394.0,,,,,,,,,,,,,
SYNTH0001,SYNTHETIC STATION,2024-11-27,,,,,0.0,,0.0,,0.0,,487.0,,399.0,,,,,,,,,,,,,
SYNTH0001,SYNTHETIC STATION,2024-11-28,,,,,0.0,,0.0,,0.0,,505.0,,406.0,,,,,,,,,,,,,
SYNTH0001,SYNTHETIC STATION,2024-11-29,,,,,0.0,,0.0,,0.0,,476.0,,445.0,,,,,,,,,,,,,
SYNTH0001,SYNTHETIC STATION,2024-11-30,,,,,0.0,,0.0,,0.0,,499.0,,386.0,,,,,,,,,,,,,
SYNTH0001,SYNTHETIC STATION,2024-12-01,,,,,0.0,,0.0,,0.0,,427.0,,347.0,,,,,,,,,,,,,
SYNTH0001,SYNTHETIC STATION,2024-12-02,,,,,0.0,,0.0,,0.0,,506.0,,361.0,,,,,,,,,,,,,
SYNTH0001,SYNTHETIC STATION,2024-12-03,,,,,0.0,,0.0,,0.0,,453.0,,389.0,,,,,,,,,,,,,
SYNTH0001,SYNTHETIC STATION,2024-12-04,,,,,0.0,,0.0,,0.0,,488.0,,370.0,,,,,,,,,,,,,
SYNTH0001,SYNTHETIC STATION,2024-12-05,,,,,0.0,,0.0,,0.0,,474.0,,346.0,,,,,,,,,,,,,
SYNTH0001,SYNTHETIC STATION,2024-12-06,,,,,0.0,,0.0,,0.0,,389.0,,450.0,,,,,,,,,,,,,
SYNTH0001,SYNTHETIC STATION,2024-12-07,,,,,0.0,,0.0,,0.0,,443.0,,369.0,,,,,,,,,,,,,
SYNTH0001,SYNTHETIC STATION,2024-12-08,,,,,0.0,,0.0,,0.0,,471.0,,348.0,,,,,,,,,,,,,
SYNTH0001,SYNTHETIC STATION,2024-12-09,,,,,0.0,,0.0,,0.0,,510.0,,342.0,,,,,,,,,,,,,
SYNTH0001,SYNTHETIC STATION,2024-12-10,,,,,0.0,,0.0,,0.0,,470.0,,311.0,,,,,,,,,,,,,
SYNTH0001,SYNTHETIC STATION,2024-12-11,,,,,0.0,,0.0,,0.0,,468.0,,327.0,,,,,,,,,,,,,
SYNTH0001,SYNTHETIC STATION,2024-12-12,,,,,0.0,,0.0,,0.0,,417.0,,350.0,,,,,,,,,,,,,
SYNTH0001,SYNTHETIC STATION,2024-12-13,,,,,0.0,,0.0,,0.0,,501.0,,349.0,,,,,,,,,,,,,
SYNTH0001,SYNTHETIC STATION,2024-12-14,,,,,0.0,,0.0,,0.0,,512.0,,334.0,,,,,,,,,,,,,
SYNTH0001,SYNTHETIC STATION,2024-12-15,,,,,0.0,,0.0,,0.0,,457.0,,373.0,,,,,,,,,,,,,
SYNTH0001,SYNTHETIC STATION,2024-12-16,,,,,0.0,,0.0,,0.0,,449.0,,357.0,,,,,,,,,,,,,
SYNTH0001,SYNTHETIC STATION,2024-12-17,,,,,0.0,,0.0,,0.0,,406.0,,328.0,,,,,,,,,,,,,
SYNTH0001,SYNTHETIC STATION,2024-12-18,,,,,0.0,,0.0,,0.0,,481.0,,296.0,,,,,,,,,,,,,
SYNTH0001,SYNTHETIC STATION,2024-12-19,,,,,0.0,,0.0,,0.0,,535.0,,358.0,,,,,,,,,,,,,
SYNTH0001,SYNTHETIC STATION,2024-12-20,,,,,0.0,,0.0,,0.0,,474.0,,354.0,,,,,,,,,,,,,
SYNTH0001,SYNTHETIC STATION,2024-12-21,,,,,0.0,,0.0,,0.0,,490.0,,346.0,,,,,,,,,,,,,
SYNTH0001,SYNTHETIC STATION,2024-12-22,,,,,0.0,,0.0,,0.0,,468.0,,312.0,,,,,,,,,,,,,
SYNTH0001,SYNTHETIC STATION,2024-12-23,,,,,0.9,,0.0,,0.0,,422.0,,352.0,,,,,,,,,,,,,
SYNTH0001,SYNTHETIC STATION,2024-12-24,,,,,0.0,,0.0,,0.0,,491.0,,307.0,,,,,,,,,,,,,
SYNTH0001,SYNTHETIC STATION,2024-12-25,,,,,0.0,,0.0,,0.0,,414.0,,380.0,,,,,,,,,,,,,
SYNTH0001,SYNTHETIC STATION,2024-12-26,,,,,0.0,,0.0,,0.0,,444.0,,356.0,,,,,,,,,,,,,
SYNTH0001,SYNTHETIC STATION,2024-12-27,,,,,0.0,,0.0,,0.0,,459.0,,356.0,,,,,,,,,,,,,
SYNTH0001,SYNTHETIC STATION,2024-12-28,,,,,0.0,,0.0,,0.0,,477.0,,327.0,,,,,,,,,,,,,
SYNTH0001,SYNTHETIC STATION,2024-12-29,,,,,0.0,,0.0,,0.0,,463.0,,319.0,,,,,,,,,,,,,
SYNTH0001,SYNTHETIC STATION,2024-12-30,,,,,0.0,,0.0,,0.0,,462.0,,395.0,,,,,,,,,,,,,
SYNTH0001,SYNTHETIC STATION,2024-12-31,,,,,0.0,,0.0,,0.0,,427.0,,377.0,,,,,,,,,,,,,
SYNTH0001,SYNTHETIC STATION,2025-01-01,,,,,0.6,,0.0,,0.0,,411.0,,340.0,,,,,,,,,,,,,
SYNTH0001,SYNTHETIC STATION,2025-01-02,,,,,0.9,,0.0,,0.0,,452.0,,370.0,,,,,,,,,,,,,
SYNTH0001,SYNTHETIC STATION,2025-01-03,,,,,0.0,,0.0,,0.0,,429.0,,396.0,,,,,,,,,,,,,
SYNTH0001,SYNTHETIC STATION,2025-01-04,,,,,0.0,,0.0,,0.0,,411.0,,319.0,,,,,,,,,,,,,
SYNTH0001,SYNTHETIC STATION,2025-01-05,,,,,0.0,,0.0,,0.0,,413.0,,336.0,,,,,,,,,,,,,
SYNTH0001,SYNTHETIC STATION,2025-01-06,,,,,0.0,,0.0,,0.0,,436.0,,336.0,,,,,,,,,,,,,
SYNTH0001,SYNTHETIC STATION,2025-01-07,,,,,0.0,,0.0,,0.0,,396.0,,366.0,,,,,,,,,,,,,
SYNTH0001,SYNTHETIC STATION,2025-01-08,,,,,0.0,,0.0,,0.0,,411.0,,321.0,,,,,,,,,,,,,
SYNTH0001,SYNTHETIC STATION,2025-01-09,,,,,0.0,,0.0,,0.0,,403.0,,360.0,,,,,,,,,,,,,
SYNTH0001,SYNTHETIC STATION,2025-01-10,,,,,0.0,,0.0,,0.0,,458.0,,320.0,,,,,,,,,,,,,
SYNTH0001,SYNTHETIC STATION,2025-01-11,,,,,0.0,,0.0,,0.0,,466.0,,381.0,,,,,,,,,,,,,
SYNTH0001,SYNTHETIC STATION,2025-01-12,,,,,0.0,,0.0,,0.0,,514.0,,380.0,,,,,,,,,,,,,
SYNTH0001,SYNTHETIC STATION,2025-01-13,,,,,0.0,,0.0,,0.0,,410.0,,349.0,,,,,,,,,,,,,
SYNTH0001,SYNTHETIC STATION,2025-01-14,,,,,0.0,,0.0,,0.0,,435.0,,377.0,,,,,,,,,,,,,
SYNTH0001,SYNTHETIC STATION,2025-01-15,,,,,0.0,,0.0,,0.0,,484.0,,336.0,,,,,,,,,,,,,
SYNTH0001,SYNTHETIC STATION,2025-01-16,,,,,0.0,,0.0,,0.0,,451.0,,350.0,,,,,,,,,,,,,
SYNTH0001,SYNTHETIC STATION,2025-01-17,,,,,0.0,,0.0,,0.0,,449.0,,386.0,,,,,,,,,,,,,
SYNTH0001,SYNTHETIC STATION,2025-01-18,,,,,0.0,,0.0,,0.0,,511.0,,357.0,,,,,,,,,,,,,
SYNTH0001,SYNTHETIC STATION,2025-01-19,,,,,0.0,,0.0,,0.0,,450.0,,371.0,,,,,,,,,,,,,
SYNTH0001,SYNTHETIC STATION,2025-01-20,,,,,0.0,,0.0,,0.0,,427.0,,334.0,,,,,,,,,,,,,
SYNTH0001,SYNTHETIC STATION,2025-01-21,,,,,0.0,,0.0,,0.0,,423.0,,382.0,,,,,,,,,,,,,
SYNTH0001,SYNTHETIC STATION,2025-01-22,,,,,0.0,,0.0,,0.0,,474.0,,377.0,,,,,,,,,,,,,
SYNTH0001,SYNTHETIC STATION,2025-01-23,,,,,0.0,,0.0,,0.0,,475.0,,329.0,,,,,,,,,,,,,
SYNTH0001,SYNTHETIC STATION,2025-01-24,,,,,0.0,,0.0,,0.0,,426.0,,300.0,,,,,,,,,,,,,
SYNTH0001,SYNTHETIC STATION,2025-01-25,,,,,0.0,,0.0,,0.0,,439.0,,308.0,,,,,,,,,,,,,
SYNTH0001,SYNTHETIC STATION,2025-01-26,,,,,1.3,,0.0,,0.0,,486.0,,368.0,,,,,,,,,,,,,
SYNTH0001,SYNTHETIC STATION,2025-01-27,,,,,0.0,,0.0,,0.0,,489.0,,365.0,,,,,,,,,,,,,
SYNTH0001,SYNTHETIC STATION,2025-01-28,,,,,0.0,,0.0,,0.0,,453.0,,327.0,,,,,,,,,,,,,
SYNTH0001,SYNTHETIC STATION,2025-01-29,,,,,0.0,,0.0,,0.0,,493.0,,378.0,,,,,,,,,,,,,
SYNTH0001,SYNTHETIC STATION,2025-01-30,,,,,0.0,,0.0,,0.0,,493.0,,405.0,,,,,,,,,,,,,
SYNTH0001,SYNTHETIC STATION,2025-01-31,,,,,0.0,,0.0,,0.0,,424.0,,374.0,,,,,,,,,,,,,
SYNTH0001,SYNTHETIC STATION,2025-02-01,,,,,0.0,,0.0,,0.0,,470.0,,366.0,,,,,,,,,,,,,
SYNTH0001,SYNTHETIC STATION,2025-02-02,,,,,0.0,,0.0,,0.0,,494.0,,406.0,,,,,,,,,,,,,
SYNTH0001,SYNTHETIC STATION,2025-02-03,,,,,0.0,,0.0,,0.0,,466.0,,433.0,,,,,,,,,,,,,
SYNTH0001,SYNTHETIC STATION,2025-02-04,,,,,0.0,,0.0,,0.0,,421.0,,428.0,,,,,,,,,,,,,
SYNTH0001,SYNTHETIC STATION,2025-02-05,,,,,0.0,,0.0,,0.0,,479.0,,367.0,,,,,,,,,,,,,
SYNTH0001,SYNTHETIC STATION,2025-02-06,,,,,0.0,,0.0,,0.0,,512.0,,412.0,,,,,,,,,,,,,
SYNTH0001,SYNTHETIC STATION,2025-02-07,,,,,0.0,,0.0,,0.0,,539.0,,396.0,,,,,,,,,,,,,
SYNTH0001,SYNTHETIC STATION,2025-02-08,,,,,0.0,,0.0,,0.0,,428.0,,387.0,,,,,,,,,,,,,
SYNTH0001,SYNTHETIC STATION,2025-02-09,,,,,0.4,,0.0,,0.0,,574.0,,377.0,,,,,,,,,,,,,
SYNTH0001,SYNTHETIC STATION,2025-02-10,,,,,0.0,,0.0,,0.0,,464.0,,408.0,,,,,,,,,,,,,
SYNTH0001,SYNTHETIC STATION,2025-02-11,,,,,2.2,,0.0,,0.0,,529.0,,385.0,,,,,,,,,,,,,
SYNTH0001,SYNTHETIC STATION,2025-02-12,,,,,0.0,,0.0,,0.0,,539.0,,429.0,,,,,,,,,,,,,
SYNTH0001,SYNTHETIC STATION,2025-02-13,,,,,0.0,,0.0,,0.0,,534.0,,416.0,,,,,,,,,,,,,
SYNTH0001,SYNTHETIC STATION,2025-02-14,,,,,0.0,,0.0,,0.0,,512.0,,438.0,,,,,,,,,,,,,
SYNTH0001,SYNTHETIC STATION,2025-02-15,,,,,0.0,,0.0,,0.0,,475.0,,376.0,,,,,,,,,,,,,
SYNTH0001,SYNTHETIC STATION,2025-02-16,,,,,0.0,,0.0,,0.0,,531.0,,413.0,,,,,,,,,,,,,
SYNTH0001,SYNTHETIC STATION,2025-02-17,,,,,0.4,,0.0,,0.0,,493.0,,437.0,,,,,,,,,,,,,
SYNTH0001,SYNTHETIC STATION,2025-02-18,,,,,0.0,,0.0,,0.0,,441.0,,428.0,,,,,,,,,,,,,
SYNTH0001,SYNTHETIC STATION,2025-02-19,,,,,0.0,,0.0,,0.0,,604.0,,426.0,,,,,,,,,,,,,
SYNTH0001,SYNTHETIC STATION,2025-02-20,,,,,0.0,,0.0,,0.0,,543.0,,401.0,,,,,,,,,,,,,
SYNTH0001,SYNTHETIC STATION,2025-02-21,,,,,0.0,,0.0,,0.0,,579.0,,473.0,,,,,,,,,,,,,
SYNTH0001,SYNTHETIC STATION,2025-02-22,,,,,0.0,,0.0,,0.0,,500.0,,459.0,,,,,,,,,,,,,
SYNTH0001,SYNTHETIC STATION,2025-02-23,,,,,0.4,,0.0,,0.0,,574.0,,442.0,,,,,,,,,,,,,
SYNTH0001,SYNTHETIC STATION,2025-02-24,,,,,0.0,,0.0,,0.0,,581.0,,357.0,,,,,,,,,,,,,
SYNTH0001,SYNTHETIC STATION,2025-02-25,,,,,0.0,,0.0,,0.0,,583.0,,407.0,,,,,,,,,,,,,
SYNTH0001,SYNTHETIC STATION,2025-02-26,,,,,0.0,,0.0,,0.0,,538.0,,442.0,,,,,,,,,,,,,
SYNTH0001,SYNTHETIC STATION,2025-02-27,,,,,0.0,,0.0,,0.0,,506.0,,420.0,,,,,,,,,,,,,
SYNTH0001,SYNTHETIC STATION,2025-02-28,,,,,0.7,,0.0,,0.0,,539.0,,383.0,,,,,,,,,,,,,
SYNTH0001,SYNTHETIC STATION,2025-03-01,,,,,0.0,,0.0,,0.0,,481.0,,455.0,,,,,,,,,,,,,
SYNTH0001,SYNTHETIC STATION,2025-03-02,,,,,0.0,,0.0,,0.0,,499.0,,461.0,,,,,,,,,,,,,
